Date,Close,Open,RoR
2017-05-17,1801.3,1729.3,0.04163534378072052
2017-05-18,1881.0,1801.3,0.04424582246155557
2017-05-19,1962.0,1881.0,0.0430622009569378
2017-05-20,2040.2,1962.0,0.039857288481141714
2017-05-21,2044.2,2040.2,0.001960592098813842
2017-05-22,2124.4,2044.2,0.03923295176597204
2017-05-23,2272.6,2124.4,0.06976087365844465
2017-05-24,2445.3,2272.6,0.07599225556631184
2017-05-25,2307.2,2445.3,-0.05647568805463557
2017-05-26,2244.9,2307.0,-0.02691807542262675
2017-05-27,2052.4,2244.9,-0.08574992204552541
2017-05-28,2189.0,2052.4,0.06655622685636324
2017-05-29,2278.2,2189.0,0.04074920054819544
2017-05-30,2192.6,2278.2,-0.03757352295672018
2017-05-31,2303.3,2192.6,0.050488005108090976
2017-06-01,2412.6,2303.3,0.04745365345374016
2017-06-02,2492.6,2412.6,0.03315924728508663
2017-06-03,2545.4,2492.6,0.021182700794351354
2017-06-04,2524.1,2545.4,-0.00836803645792417
2017-06-05,2705.0,2524.1,0.0716691097817044
2017-06-06,2870.5,2705.0,0.061182994454713494
2017-06-07,2691.5,2870.5,-0.06235847413342623
2017-06-08,2798.8,2691.5,0.039866245587962174
2017-06-09,2811.4,2798.8,0.004501929398313531
2017-06-10,2900.3,2811.4,0.031621256313580454
2017-06-11,2973.4,2900.3,0.02520428921146085
2017-06-12,2656.8,2973.4,-0.10647743324140711
2017-06-13,2713.0,2656.8,0.021153267088226367
2017-06-14,2467.3,2713.0,-0.09056395134537405
2017-06-15,2442.5,2467.3,-0.010051473270376598
2017-06-16,2508.6,2442.5,0.027062436028659122
2017-06-17,2655.1,2508.6,0.058399107071673444
2017-06-18,2539.6,2655.1,-0.04350118639599262
2017-06-19,2616.8,2539.6,0.030398487950858512
2017-06-20,2754.4,2616.8,0.05258330785692445
2017-06-21,2677.6,2754.4,-0.02788266047051996
2017-06-22,2722.8,2677.6,0.01688078876605926
2017-06-23,2710.4,2722.8,-0.004554135448802736
2017-06-24,2590.1,2710.4,-0.04438459268004729
2017-06-25,2541.6,2590.1,-0.018725145747268447
2017-06-26,2446.1,2541.6,-0.037574756059175325
2017-06-27,2583.8,2446.1,0.05629369199950954
2017-06-28,2577.7,2583.8,-0.002360863843950911
2017-06-29,2558.4,2577.7,-0.007487294875276304
2017-06-30,2480.6,2558.4,-0.030409631019387186
2017-07-01,2424.6,2480.6,-0.022575183423365317
2017-07-02,2536.5,2424.6,0.04615194258846824
2017-07-03,2572.5,2536.5,0.014192785334121822
2017-07-04,2617.3,2572.5,0.01741496598639463
2017-07-05,2627.9,2617.3,0.004049975165246593
2017-07-06,2614.2,2627.9,-0.00521328817687137
2017-07-07,2513.9,2614.2,-0.038367378165404226
2017-07-08,2564.9,2513.9,0.020287203150483313
2017-07-09,2511.4,2564.9,-0.020858513002456235
2017-07-10,2344.0,2511.4,-0.06665604841920844
2017-07-11,2324.3,2344.0,-0.008404436860068181
2017-07-12,2403.1,2324.3,0.033902680376887546
2017-07-13,2362.4,2403.1,-0.0169364570762764
2017-07-14,2234.2,2362.4,-0.0542668472739588
2017-07-15,1975.1,2234.2,-0.11596992211977439
2017-07-16,1914.1,1975.1,-0.030884512176598655
2017-07-17,2233.4,1914.1,0.166814690977483
2017-07-18,2320.2,2233.4,0.038864511507119066
2017-07-19,2282.6,2320.2,-0.016205499525902903
2017-07-20,2866.0,2282.6,0.255585735564707
2017-07-21,2675.1,2866.0,-0.0666085136078158
2017-07-22,2836.5,2675.1,0.06033419311427614
2017-07-23,2756.6,2836.5,-0.0281685175392209
2017-07-24,2763.4,2756.6,0.0024668069360807452
2017-07-25,2582.6,2763.4,-0.06542664833176529
2017-07-26,2559.2,2582.6,-0.009060636567799927
2017-07-27,2691.9,2559.2,0.05185214129415453
2017-07-28,2806.8,2691.9,0.04268360637467963
2017-07-29,2733.5,2806.8,-0.026115148924041678
2017-07-30,2766.5,2733.5,0.012072434607645875
2017-07-31,2883.3,2766.5,0.04221941080788006
2017-08-01,2747.0,2883.3,-0.04727222280026365
2017-08-02,2720.5,2747.0,-0.009646887513651257
2017-08-03,2810.0,2720.5,0.03289836427127366
2017-08-04,2878.5,2810.0,0.024377224199288255
2017-08-05,3262.8,2878.5,0.13350703491401777
2017-08-06,3232.0,3262.8,-0.009439745004290848
2017-08-07,3401.9,3232.0,0.05256806930693072
2017-08-08,3429.4,3401.9,0.008083717922337518
2017-08-09,3348.8,3429.4,-0.023502653525398
2017-08-10,3425.7,3348.8,0.022963449593884265
2017-08-11,3654.4,3425.7,0.0667600782321862
2017-08-12,3871.6,3654.4,0.059435201401050734
2017-08-13,4062.6,3871.6,0.049333608843888835
2017-08-14,4327.9,4062.6,0.06530300792595868
2017-08-15,4161.7,4327.9,-0.038401996349268656
2017-08-16,4387.4,4161.7,0.05423264531321331
2017-08-17,4278.9,4387.4,-0.024729908373980036
2017-08-18,4105.4,4278.9,-0.040547804342237495
2017-08-19,4150.5,4105.4,0.010985531251522474
2017-08-20,4066.6,4150.5,-0.020214431996145064
2017-08-21,4005.1,4066.6,-0.015123198740962967
2017-08-22,4089.7,4005.1,0.02112306808818754
2017-08-23,4141.1,4089.7,0.012568159033670085
2017-08-24,4318.4,4141.1,0.042814711067107596
2017-08-25,4364.4,4318.4,0.010652093367914043
2017-08-26,4352.3,4364.4,-0.0027724314911555894
2017-08-27,4345.8,4352.3,-0.001493463226340096
2017-08-28,4390.3,4345.8,0.01023977173362787
2017-08-29,4597.3,4390.3,0.04714939753547594
2017-08-30,4583.0,4597.3,-0.003110521392991578
2017-08-31,4735.1,4583.0,0.033187868208597066
2017-09-01,4921.9,4735.1,0.03945006441257825
2017-09-02,4573.8,4921.9,-0.0707247201284056
2017-09-03,4612.9,4573.8,0.008548690366872065
2017-09-04,4267.5,4612.9,-0.0748769754384443
2017-09-05,4409.1,4267.5,0.03318101933216177
2017-09-06,4618.7,4409.1,0.047538046313306444
2017-09-07,4635.6,4618.7,0.003659038257518468
2017-09-08,4326.5,4635.6,-0.06667960997497635
2017-09-09,4335.1,4326.5,0.0019877499133249426
2017-09-10,4245.9,4335.1,-0.02057622661530316
2017-09-11,4217.9,4245.9,-0.006594597140771098
2017-09-12,4158.9,4217.9,-0.013988003508855118
2017-09-13,3870.3,4158.9,-0.06939334920291411
2017-09-14,3243.1,3870.3,-0.16205462108880456
2017-09-15,3713.8,3243.1,0.14513891030187176
2017-09-16,3698.9,3713.8,-0.004012063115945956
2017-09-17,3689.6,3698.9,-0.0025142609965125256
2017-09-18,4100.3,3689.6,0.11131287944492635
2017-09-19,3908.0,4100.3,-0.046899007389703234
2017-09-20,3882.2,3908.0,-0.006601842374616218
2017-09-21,3617.3,3882.2,-0.06823450620782022
2017-09-22,3600.8,3617.3,-0.004561413208746855
2017-09-23,3788.0,3600.8,0.05198844701177511
2017-09-24,3667.5,3788.0,-0.031810982048574445
2017-09-25,3932.8,3667.5,0.07233810497614183
2017-09-26,3892.7,3932.8,-0.010196297803092037
2017-09-27,4212.2,3892.7,0.08207670768361292
2017-09-28,4195.6,4212.2,-0.003940933478941991
2017-09-29,4172.8,4195.6,-0.005434264467537463
2017-09-30,4360.6,4172.8,0.04500575153374237
2017-10-01,4403.1,4360.6,0.009746365179103792
2017-10-02,4401.3,4403.1,-0.00040880288887378935
2017-10-03,4314.2,4401.3,-0.019789607615931737
2017-10-04,4218.7,4314.2,-0.0221362013814844
2017-10-05,4321.4,4218.7,0.024343992225092995
2017-10-06,4371.9,4321.4,0.011686027676216041
2017-10-07,4435.8,4371.9,0.014616070815892529
2017-10-08,4611.7,4435.8,0.03965462825194996
2017-10-09,4777.5,4611.7,0.03595203504130802
2017-10-10,4763.4,4777.5,-0.0029513343799058844
2017-10-11,4824.2,4763.4,0.012763992106478605
2017-10-12,5432.6,4824.2,0.12611417437088027
2017-10-13,5637.3,5432.6,0.0376799322607959
2017-10-14,5824.7,5637.3,0.03324286449186661
2017-10-15,5688.1,5824.7,-0.023451851597507074
2017-10-16,5759.3,5677.4,0.01442561736005928
2017-10-17,5598.6,5759.3,-0.027902696508256178
2017-10-18,5575.8,5598.6,-0.004072446683099379
2017-10-19,5698.6,5576.7,0.021858805386698325
2017-10-20,5993.1,5698.6,0.0516793598427684
2017-10-21,6006.6,5993.1,0.0022525904790509084
2017-10-22,5982.9,6006.6,-0.003945659774248448
2017-10-23,5903.6,5982.9,-0.013254441825870277
2017-10-24,5513.1,5903.6,-0.06614608035774781
2017-10-25,5734.0,5513.1,0.040068201193520815
2017-10-26,5887.6,5734.0,0.026787582839204807
2017-10-27,5764.6,5887.6,-0.020891364902506964
2017-10-28,5726.6,5764.6,-0.0065919578114700065
2017-10-29,6147.5,5726.6,0.07349910941920156
2017-10-30,6124.3,6147.7,-0.0038063015436666783
2017-10-31,6451.2,6124.3,0.053377528860441135
2017-11-01,6737.8,6449.1,0.04476593633220136
2017-11-02,7024.8,6737.8,0.04259550595149752
2017-11-03,7152.1,7024.8,0.01812151235622369
2017-11-04,7363.8,7147.0,0.03033440604449422
2017-11-05,7389.5,7363.8,0.0034900459002145385
2017-11-06,6959.2,7389.5,-0.05823127410514922
2017-11-07,7102.8,6959.3,0.020619889931458624
2017-11-08,7444.4,7102.2,0.04818225338627465
2017-11-09,7129.6,7444.4,-0.042286819622803624
2017-11-10,6565.8,7129.6,-0.07907877019748656
2017-11-11,6339.9,6565.8,-0.03440555606323686
2017-11-12,5878.1,6339.9,-0.07284026561933142
2017-11-13,6522.5,5878.1,0.10962726050934819
2017-11-14,6597.1,6522.5,0.011437332311230413
2017-11-15,7283.2,6597.1,0.1040002425308089
2017-11-16,7853.7,7283.0,0.07836056570094739
2017-11-17,7700.0,7853.7,-0.019570393572456272
2017-11-18,7780.9,7700.0,0.010506493506493459
2017-11-19,8042.6,7781.0,0.03362035728055524
2017-11-20,8244.7,8042.6,0.02512868972720269
2017-11-21,8100.0,8245.9,-0.017693641688596714
2017-11-22,8234.5,8099.9,0.016617489104803807
2017-11-23,8013.4,8234.5,-0.026850446293035443
2017-11-24,8200.8,8013.4,0.023385828736865705
2017-11-25,8754.7,8203.5,0.06719083318095943
2017-11-26,9318.4,8754.6,0.06440042948849739
2017-11-27,9733.2,9318.4,0.04451407967032979
2017-11-28,9906.0,9732.6,0.017816410825473115
2017-11-29,9837.9,9906.0,-0.006874621441550612
2017-11-30,9946.8,9848.0,0.01003249390739229
2017-12-01,10861.5,9947.1,0.09192629007449403
2017-12-02,10912.7,10861.5,0.004713897712102447
2017-12-03,11246.2,10912.7,0.030560722827531223
2017-12-04,11623.9,11244.2,0.03376852065953993
2017-12-05,11667.1,11624.4,0.0036733078696535503
2017-12-06,13749.6,11667.1,0.17849337024624798
2017-12-07,16850.3,13750.1,0.22546745114580977
2017-12-08,16047.6,16868.0,-0.04863647142518376
2017-12-09,14843.4,16048.2,-0.07507384005682886
2017-12-10,15059.6,14840.0,0.014797843665768218
2017-12-11,16732.5,15060.5,0.11101889047508383
2017-12-12,17083.9,16733.3,0.020952232972575775
2017-12-13,16286.8,17083.9,-0.0466579645162991
2017-12-14,16467.9,16286.8,0.011119434142987094
2017-12-15,17604.8,16467.9,0.06903733930859415
2017-12-16,19345.5,17594.1,0.09954473374597175
2017-12-17,19065.7,19346.6,-0.01451934706873548
2017-12-18,18972.3,19065.7,-0.004898849766858886
2017-12-19,17523.7,18971.2,-0.07629986505861516
2017-12-20,16462.0,17521.7,-0.06047929139295848
2017-12-21,15632.1,16461.1,-0.05036115447934818
2017-12-22,13665.0,15632.1,-0.12583721956742858
2017-12-23,14396.5,13665.0,0.0535309184046835
2017-12-24,13790.0,14396.6,-0.04213494852951394
2017-12-25,13833.5,13790.0,0.003154459753444525
2017-12-26,15756.6,13830.2,0.13928938120923773
2017-12-27,15416.6,15757.0,-0.02160309703623784
2017-12-28,14398.7,15416.3,-0.06600805640782799
2017-12-29,14392.6,14398.5,-0.0004097649060665789
2017-12-30,12531.5,14392.1,-0.12927925737036294
2017-12-31,13850.4,12532.4,0.10516740608343175
2018-01-01,13444.9,13850.5,-0.02928414136673769
2018-01-02,14754.1,13444.9,0.09737521290600902
2018-01-03,15156.6,14754.1,0.02728055252438305
2018-01-04,15180.1,15156.5,0.0015570877181407556
2018-01-05,16954.8,15180.1,0.11690963827642761
2018-01-06,17172.3,16954.8,0.012828225635218345
2018-01-07,16228.2,17174.5,-0.05509912952342131
2018-01-08,14976.2,16228.3,-0.07715533974599918
2018-01-09,14778.5,14976.2,-0.013200945500193689
2018-01-10,15043.0,14778.5,0.01789762154481172
2018-01-11,13535.4,15046.7,-0.10044062817760711
2018-01-12,13886.7,13529.2,0.02642432664163439
2018-01-13,14292.2,13896.0,0.028511801957397866
2018-01-14,13695.2,14291.9,-0.041750921850838514
2018-01-15,13697.5,13695.5,0.00014603336862473076
2018-01-16,11362.0,13704.4,-0.17092320714515044
2018-01-17,11192.3,11357.7,-0.014562807610695954
2018-01-18,11245.4,11202.0,0.003874308159257243
2018-01-19,11580.2,11229.6,0.03122105863076159
2018-01-20,12858.9,11579.2,0.11051713417161797
2018-01-21,11594.9,12857.1,-0.098171438349239
2018-01-22,10864.8,11597.5,-0.06317740892433721
2018-01-23,10903.2,10869.0,0.0031465636213083748
2018-01-24,11452.3,10899.4,0.050727562985118414
2018-01-25,11203.0,11439.9,-0.020708222973977015
2018-01-26,11118.1,11203.1,-0.007587185689675179
2018-01-27,11467.5,11118.0,0.03143550998381004
2018-01-28,11795.1,11471.2,0.0282359299811702
2018-01-29,11244.8,11794.9,-0.04663880151590945
2018-01-30,10166.0,11244.5,-0.09591355773933924
2018-01-31,10265.4,10166.3,0.009747892546944352
2018-02-01,9181.1,10266.2,-0.10569636282168673
2018-02-02,8893.2,9179.8,-0.03122072376304479
2018-02-03,9241.1,8894.4,0.038979582658751656
2018-02-04,8222.2,9241.5,-0.11029594762754956
2018-02-05,6938.5,8220.8,-0.15598238614246782
2018-02-06,7701.2,6939.3,0.10979493608865443
2018-02-07,7594.7,7693.8,-0.01288050118277059
2018-02-08,8164.2,7595.1,0.07492988900738627
2018-02-09,8699.8,8163.6,0.06568180704591098
2018-02-10,8559.6,8697.3,-0.0158324997412989
2018-02-11,8081.9,8559.7,-0.055819713307709504
2018-02-12,8903.5,8083.6,0.10142758177049824
2018-02-13,8539.2,8906.2,-0.041207248882800744
2018-02-14,9476.3,8542.6,0.10929927656685305
2018-02-15,10037.3,9475.6,0.05927856811178172
2018-02-16,10178.7,10031.3,0.014694007755724728
2018-02-17,11073.5,10177.3,0.08805871891366088
2018-02-18,10398.8,11073.7,-0.06094620587518187
2018-02-19,11169.4,10396.6,0.07433199315160718
2018-02-20,11238.7,11169.7,0.00617742643043233
2018-02-21,10473.0,11240.9,-0.06831303543310586
2018-02-22,9841.7,10470.1,-0.06001852895387815
2018-02-23,10170.4,9840.6,0.03351421661280809
2018-02-24,9704.3,10163.8,-0.04520946889942738
2018-02-25,9585.2,9703.1,-0.012150755943976629
2018-02-26,10285.1,9590.9,0.07238111126171691
2018-02-27,10594.4,10287.8,0.029802290091175992
2018-02-28,10333.9,10584.4,-0.02366690601262235
2018-03-01,10904.5,10335.1,0.05509380654275233
2018-03-02,10827.7,10904.5,-0.0070429639139804
2018-03-03,11402.3,10822.5,0.05357357357357351
2018-03-04,11416.5,11402.8,0.0012014592907005936
2018-03-05,11330.6,11415.7,-0.007454645794826455
2018-03-06,10675.1,11314.2,-0.0564865390394372
2018-03-07,9902.9,10779.0,-0.08127841172650528
2018-03-08,9300.0,9910.7,-0.06162026900218962
2018-03-09,9217.0,9301.9,-0.009127167567916194
2018-03-10,8762.0,9216.2,-0.04928278466179127
2018-03-11,9529.6,8732.2,0.09131719383431433
2018-03-12,9137.4,9535.8,-0.04177939973573268
2018-03-13,9154.9,9138.7,0.0017726810158992972
2018-03-14,8210.6,9154.9,-0.10314694862860319
2018-03-15,8264.4,8210.2,0.006601544420355035
2018-03-16,8289.2,8264.3,0.0030129593552994756
2018-03-17,7874.9,8198.0,-0.039412051719931736
2018-03-18,8201.2,7873.2,0.041660316008738624
2018-03-19,8616.8,8200.9,0.050713946030313706
2018-03-20,8912.6,8614.1,0.03465248836210399
2018-03-21,8905.9,8912.4,-0.0007293209460975719
2018-03-22,8726.2,8903.7,-0.01993553241910666
2018-03-23,8916.8,8725.3,0.02194766942110873
2018-03-24,8547.4,8917.3,-0.041481165823735844
2018-03-25,8473.2,8549.1,-0.008878127522195276
2018-03-26,8143.5,8474.0,-0.03900165211234364
2018-03-27,7801.7,8146.5,-0.042324924814337465
2018-03-28,7954.9,7803.0,0.01946687171600662
2018-03-29,7129.2,7955.2,-0.10383145615446501
2018-03-30,6853.7,7132.4,-0.039075206101732915
2018-03-31,6938.2,6856.5,0.011915700430248642
2018-04-01,6825.2,6939.1,-0.016414232393249923
2018-04-02,7068.4,6825.4,0.03560230902218185
2018-04-03,7424.2,7067.2,0.050515055467511887
2018-04-04,6808.9,7423.8,-0.08282820119076491
2018-04-05,6782.0,6808.7,-0.003921453434576324
2018-04-06,6624.3,6783.7,-0.023497501363562604
2018-04-07,6905.7,6624.5,0.04244848667823984
2018-04-08,7030.5,6905.9,0.01804254333251283
2018-04-09,6781.9,7035.7,-0.03607316969171514
2018-04-10,6854.8,6782.6,0.010644885442160796
2018-04-11,6962.1,6855.6,0.015534745317696481
2018-04-12,7926.6,6963.3,0.13833958037137567
2018-04-13,7887.4,7926.9,-0.004983032459094981
2018-04-14,8004.4,7891.1,0.014357947561176422
2018-04-15,8363.6,8004.6,0.044849211703270615
2018-04-16,8070.0,8362.2,-0.03494295759489138
2018-04-17,7908.6,8070.0,-0.019999999999999955
2018-04-18,8178.4,7908.5,0.03412783713725734
2018-04-19,8290.8,8179.0,0.013669152708154943
2018-04-20,8867.0,8292.3,0.06930525909578775
2018-04-21,8923.1,8867.0,0.00632682981842792
2018-04-22,8806.7,8923.6,-0.013100094132412886
2018-04-23,8952.8,8809.3,0.016289603033158143
2018-04-24,9645.3,8952.7,0.07736213656215427
2018-04-25,8873.1,9645.0,-0.08003110419906684
2018-04-26,9287.0,8874.5,0.04648149191503747
2018-04-27,8940.9,9282.8,-0.03683155944327139
2018-04-28,9352.4,8940.8,0.04603614889047964
2018-04-29,9415.1,9352.2,0.006725690211928705
2018-04-30,9245.1,9415.8,-0.018129102147454165
2018-05-01,9074.9,9245.1,-0.018409752193053696
2018-05-02,9243.2,9076.8,0.018332451965450542
2018-05-03,9749.7,9244.2,0.054682936327643275
2018-05-04,9708.6,9747.6,-0.004000984857811154
2018-05-05,9853.5,9709.5,0.014830835779391318
2018-05-06,9656.4,9859.6,-0.020609355349101455
2018-05-07,9431.6,9651.1,-0.022743521463874584
2018-05-08,9196.4,9373.9,-0.018935555105132337
2018-05-09,9319.1,9194.9,0.013507487846523695
2018-05-10,9025.7,9319.2,-0.0314941196669242
2018-05-11,8408.3,9026.0,-0.06843563040106368
2018-05-12,8459.5,8409.6,0.005933694824961905
2018-05-13,8693.5,8489.1,0.024077935234594908
2018-05-14,8674.1,8693.4,-0.0022200749994247676
2018-05-15,8477.0,8674.0,-0.022711551763892092
2018-05-16,8344.4,8477.0,-0.015642326294679765
2018-05-17,8063.0,8344.6,-0.03374637490113371
2018-05-18,8245.7,8064.4,0.022481523733941904
2018-05-19,8245.1,8244.7,4.851601634985338e-05
2018-05-20,8529.0,8243.9,0.0345831463263747
2018-05-21,8403.3,8529.5,-0.01479570900990688
2018-05-22,8006.0,8403.8,-0.047335729074942205
2018-05-23,7512.3,8005.7,-0.061631087849906896
2018-05-24,7592.9,7512.3,0.010729070990242597
2018-05-25,7477.7,7593.9,-0.015301755356272775
2018-05-26,7361.3,7478.5,-0.01567159189677072
2018-05-27,7366.7,7361.9,0.0006520055963813937
2018-05-28,7119.3,7367.3,-0.033662264330215956
2018-05-29,7467.7,7119.3,0.0489373955304594
2018-05-30,7400.1,7469.2,-0.009251325443153144
2018-05-31,7502.6,7400.8,0.013755269700572935
2018-06-01,7530.8,7502.5,0.0037720759746751324
2018-06-02,7646.6,7530.8,0.015376852392840094
2018-06-03,7729.3,7646.6,0.010815264300473389
2018-06-04,7504.3,7729.3,-0.029110009962092297
2018-06-05,7631.5,7507.4,0.016530356714708205
2018-06-06,7661.0,7631.5,0.0038655572299023783
2018-06-07,7697.8,7661.0,0.004803550450332879
2018-06-08,7622.1,7697.9,-0.009846841346341116
2018-06-09,7515.8,7622.1,-0.013946287768462783
2018-06-10,6775.1,7515.8,-0.09855238297985575
2018-06-11,6885.9,6775.2,0.01633900106269923
2018-06-12,6558.2,6885.9,-0.04759000275926165
2018-06-13,6312.3,6558.5,-0.0375390714340169
2018-06-14,6647.1,6312.3,0.05303930421557913
2018-06-15,6410.3,6647.3,-0.03565357363139921
2018-06-16,6505.8,6410.0,0.014945397815912665
2018-06-17,6460.3,6505.8,-0.006993759414676135
2018-06-18,6719.8,6460.5,0.04013621236746385
2018-06-19,6752.4,6719.8,0.004851334861156501
2018-06-20,6765.4,6752.3,0.0019400796765545747
2018-06-21,6728.0,6765.8,-0.00558692246297558
2018-06-22,6055.7,6728.2,-0.09995243898813948
2018-06-23,6167.3,6055.2,0.01851301360813852
2018-06-24,6154.6,6167.9,-0.002156325491658307
2018-06-25,6256.6,6155.1,0.016490390083020584
2018-06-26,6082.1,6256.9,-0.027937157378254293
2018-06-27,6154.9,6081.1,0.0121359622436729
2018-06-28,5883.5,6154.9,-0.044094948740028214
2018-06-29,6213.3,5883.2,0.05610892031547463
2018-06-30,6398.9,6213.4,0.029854829883799533
2018-07-01,6366.8,6398.5,-0.004954286160818913
2018-07-02,6619.5,6349.1,0.042588713360948736
2018-07-03,6513.5,6618.6,-0.01587949113105496
2018-07-04,6598.4,6513.8,0.01298781049464206
2018-07-05,6546.5,6598.0,-0.00780539557441649
2018-07-06,6617.7,6546.5,0.010876040632398965
2018-07-07,6765.5,6617.7,0.022334043549873853
2018-07-08,6714.8,6765.4,-0.007479232565701874
2018-07-09,6667.1,6715.1,-0.00714806927670474
2018-07-10,6307.2,6668.4,-0.054165916861615954
2018-07-11,6389.1,6307.2,0.012985159817351686
2018-07-12,6250.6,6389.1,-0.02167754456809253
2018-07-13,6230.2,6250.8,-0.0032955781659948107
2018-07-14,6254.8,6229.5,0.00406132113331731
2018-07-15,6362.9,6254.8,0.017282726865767
2018-07-16,6729.9,6362.8,0.05769472559250636
2018-07-17,7322.0,6729.8,0.08799667152069895
2018-07-18,7383.6,7321.6,0.008468094405594406
2018-07-19,7477.5,7383.9,0.012676228009588479
2018-07-20,7339.4,7477.6,-0.018481865839306826
2018-07-21,7408.7,7339.3,0.009455942664831745
2018-07-22,7412.3,7409.0,0.0004454042380888355
2018-07-23,7723.0,7412.4,0.04190275754141714
2018-07-24,8407.0,7723.1,0.08855252424544544
2018-07-25,8173.7,8404.9,-0.027507763328534524
2018-07-26,7937.0,8173.9,-0.02898249305716973
2018-07-27,8187.4,7936.9,0.03156144086482128
2018-07-28,8234.1,8186.8,0.005777593198807859
2018-07-29,8215.6,8231.5,-0.0019316042033650776
2018-07-30,8177.1,8214.7,-0.004577160456255293
2018-07-31,7729.4,8176.4,-0.054669536715424884
2018-08-01,7606.4,7728.5,-0.01579866727049238
2018-08-02,7535.6,7606.4,-0.009307951198990229
2018-08-03,7419.0,7535.6,-0.015473220446945215
2018-08-04,7014.3,7418.9,-0.05453638679588611
2018-08-05,7027.1,7014.0,0.0018676931850585064
2018-08-06,6943.6,7027.8,-0.011980989783431489
2018-08-07,6724.9,6943.6,-0.031496629990206915
2018-08-08,6283.6,6725.2,-0.06566347469220238
2018-08-09,6538.8,6283.7,0.04059710043445747
2018-08-10,6152.3,6539.5,-0.05920941968040367
2018-08-11,6231.6,6152.8,0.01280717722012745
2018-08-12,6313.0,6232.1,0.012981178094061333
2018-08-13,6255.3,6313.0,-0.009139870109298245
2018-08-14,6190.2,6255.3,-0.010407174715841025
2018-08-15,6256.9,6190.2,0.010775096119673002
2018-08-16,6306.7,6256.9,0.007959213028816216
2018-08-17,6581.7,6306.7,0.04360442069545087
2018-08-18,6379.1,6581.8,-0.030797046400680636
2018-08-19,6481.5,6379.1,0.016052421187941816
2018-08-20,6268.1,6474.2,-0.031834048994470274
2018-08-21,6482.2,6268.1,0.034157081093154136
2018-08-22,6359.6,6482.2,-0.018913331893492865
2018-08-23,6521.2,6359.9,0.025362033994245223
2018-08-24,6680.4,6521.2,0.024412684781941946
2018-08-25,6734.8,6680.6,0.008113043738586326
2018-08-26,6712.7,6734.9,-0.0032962627507460867
2018-08-27,6897.6,6712.7,0.027544803134357344
2018-08-28,7074.6,6897.6,0.02566109951287404
2018-08-29,7029.1,7074.6,-0.006431459022418228
2018-08-30,6993.7,7029.2,-0.0050503613497979855
2018-08-31,7033.8,6993.7,0.0057337317871799425
2018-09-01,7189.6,7032.4,0.022353677265229615
2018-09-02,7293.9,7189.6,0.014507065761655624
2018-09-03,7264.2,7289.8,-0.0035117561524322153
2018-09-04,7377.5,7264.2,0.015597037526499847
2018-09-05,6706.8,7377.5,-0.09091155540494746
2018-09-06,6514.0,6706.8,-0.028746943400727646
2018-09-07,6390.9,6514.1,-0.018912819883023093
2018-09-08,6184.3,6390.9,-0.03232721525919659
2018-09-09,6238.5,6184.3,0.00876412851899161
2018-09-10,6321.0,6238.5,0.013224332772301034
2018-09-11,6293.9,6320.7,-0.0042400367047953835
2018-09-12,6338.0,6293.9,0.007006784346748497
2018-09-13,6482.9,6338.0,0.022862101609340428
2018-09-14,6483.7,6482.9,0.00012340156411485323
2018-09-15,6519.0,6482.6,0.0056150310060777515
2018-09-16,6500.2,6519.0,-0.0028838778953827553
2018-09-17,6251.9,6500.2,-0.03819882465154921
2018-09-18,6342.0,6251.9,0.014411618867864228
2018-09-19,6390.4,6342.0,0.007631661936297641
2018-09-20,6489.2,6390.4,0.015460691036554862
2018-09-21,6766.7,6490.9,0.04249025558859329
2018-09-22,6729.6,6766.7,-0.005482731612159466
2018-09-23,6704.1,6729.6,-0.0037892296718972894
2018-09-24,6584.1,6713.3,-0.019245378576854873
2018-09-25,6445.1,6590.6,-0.022076897399326313
2018-09-26,6468.1,6443.0,0.0038957007605153445
2018-09-27,6689.2,6463.7,0.03488713894518619
2018-09-28,6636.0,6685.7,-0.007433776567898623
2018-09-29,6603.9,6633.9,-0.004522226744448967
2018-09-30,6635.2,6603.9,0.004739623555777674
2018-10-01,6608.2,6635.2,-0.004069206655413552
2018-10-02,6549.9,6608.2,-0.008822372204231134
2018-10-03,6507.8,6549.9,-0.006427579047008268
2018-10-04,6584.2,6509.2,0.01152215326000123
2018-10-05,6639.1,6584.2,0.008338142826767193
2018-10-06,6596.3,6639.1,-0.006446656926390652
2018-10-07,6611.0,6596.3,0.0022285220502402587
2018-10-08,6669.6,6611.0,0.008864014521252513
2018-10-09,6650.8,6669.6,-0.0028187597457119138
2018-10-10,6618.0,6650.6,-0.00490181337022229
2018-10-11,6239.1,6618.0,-0.05725294650951944
2018-10-12,6291.3,6239.2,0.008350429542249065
2018-10-13,6321.7,6291.3,0.004832069683531168
2018-10-14,6326.8,6321.6,0.0008225765628954406
2018-10-15,6699.8,6326.8,0.05895555415059746
2018-10-16,6705.3,6712.4,-0.001057743877003673
2018-10-17,6686.6,6718.9,-0.0048073345339265765
2018-10-18,6574.1,6690.1,-0.017339053227903918
2018-10-19,6512.0,6576.4,-0.009792591691502895
2018-10-20,6572.2,6511.7,0.00929096856427661
2018-10-21,6583.0,6575.9,0.0010797001170942935
2018-10-22,6555.8,6583.0,-0.004131854777457059
2018-10-23,6528.7,6558.6,-0.004558899765193874
2018-10-24,6530.7,6531.2,-7.655560999510044e-05
2018-10-25,6507.0,6532.5,-0.0039035591274397246
2018-10-26,6510.0,6507.0,0.0004610419548178884
2018-10-27,6494.2,6510.0,-0.0024270353302611645
2018-10-28,6486.1,6494.6,-0.0013087796015151048
2018-10-29,6335.0,6486.1,-0.02329597138496174
2018-10-30,6325.7,6336.7,-0.0017359193270945444
2018-10-31,6365.9,6327.9,0.0060051517881129605
2018-11-01,6400.5,6365.9,0.005435209475486634
2018-11-02,6424.7,6400.5,0.0037809546129208373
2018-11-03,6386.2,6424.5,-0.005961553428282385
2018-11-04,6478.2,6386.2,0.01440606307350224
2018-11-05,6459.7,6478.2,-0.002855731530363373
2018-11-06,6502.8,6460.4,0.00656306111076722
2018-11-07,6565.3,6503.1,0.009564669157786258
2018-11-08,6474.0,6565.3,-0.013906447534766147
2018-11-09,6412.0,6473.8,-0.009546170718897738
2018-11-10,6427.1,6411.9,0.0023705921801651193
2018-11-11,6446.1,6427.1,0.002956232204260086
2018-11-12,6435.0,6445.0,-0.0015515903801396431
2018-11-13,6429.2,6435.0,-0.0009013209013209296
2018-11-14,5842.4,6428.9,-0.09122867053461713
2018-11-15,5718.9,5854.0,-0.02307823710283573
2018-11-16,5636.2,5723.5,-0.015252904691185495
2018-11-17,5621.8,5636.2,-0.002554912884567552
2018-11-18,5658.3,5621.0,0.006635829923501189
2018-11-19,4883.8,5660.4,-0.1371987845381951
2018-11-20,4524.6,4883.6,-0.07351134409042509
2018-11-21,4638.7,4523.0,0.0255803670130444
2018-11-22,4356.0,4646.4,-0.062499999999999924
2018-11-23,4398.0,4360.9,0.008507418193492253
2018-11-24,3920.4,4397.3,-0.1084529142883133
2018-11-25,4062.2,3920.3,0.036196209473764666
2018-11-26,3837.0,4061.0,-0.05515882787490766
2018-11-27,3866.5,3840.3,0.006822383667942561
2018-11-28,4265.4,3866.4,0.10319677219118548
2018-11-29,4296.5,4265.5,0.007267612237721252
2018-11-30,4039.7,4296.8,-0.05983522621485765
2018-12-01,4196.2,4038.7,0.03899769727882735
2018-12-02,4160.4,4196.2,-0.00853152852580911
2018-12-03,3897.8,4160.3,-0.0630964113164916
2018-12-04,3958.5,3899.9,0.015026026308366858
2018-12-05,3771.6,3958.1,-0.047118566989212
2018-12-06,3508.6,3771.4,-0.06968234607837943
2018-12-07,3422.2,3508.9,-0.024708598136168106
2018-12-08,3430.4,3422.3,0.002366829325307515
2018-12-09,3567.5,3430.3,0.039996501763694084
2018-12-10,3460.5,3566.9,-0.029829824217107316
2018-12-11,3407.7,3460.4,-0.0152294532423998
2018-12-12,3466.1,3390.2,0.022388059701492564
2018-12-13,3315.3,3466.2,-0.04353470659511847
2018-12-14,3247.8,3315.4,-0.0203896965675333
2018-12-15,3228.7,3247.8,-0.005880903996551623
2018-12-16,3247.9,3228.6,0.005977823205104436
2018-12-17,3526.1,3248.3,0.08552165748237531
2018-12-18,3668.0,3526.0,0.04027226318774816
2018-12-19,3687.1,3668.1,0.005179793353507265
2018-12-20,4076.0,3687.2,0.10544586678238235
2018-12-21,3850.9,4075.2,-0.05504024342363559
2018-12-22,3964.4,3850.9,0.029473629541146226
2018-12-23,3944.4,3964.3,-0.005019801730444237
2018-12-24,4026.1,3944.5,0.020687032577005934
2018-12-25,3762.5,4025.6,-0.06535671701112876
2018-12-26,3793.7,3762.8,0.008211969809716071
2018-12-27,3586.9,3793.4,-0.05443665313439131
2018-12-28,3861.6,3587.1,0.07652421175880238
2018-12-29,3706.8,3861.6,-0.040087010565568605
2018-12-30,3815.0,3708.2,0.02880103554285103
2018-12-31,3709.4,3815.1,-0.027705695787790575
2019-01-01,3809.4,3709.5,0.02693085321471899
2019-01-02,3873.8,3809.7,0.016825471821928333
2019-01-03,3780.1,3874.1,-0.02426369995611884
2019-01-04,3802.7,3780.5,0.005872239121809237
2019-01-05,3785.4,3802.8,-0.00457557589144843
2019-01-06,4004.1,3785.7,0.05769078373880659
2019-01-07,3985.9,4004.3,-0.004595060310166594
2019-01-08,3971.0,3985.8,-0.003713181795373622
2019-01-09,3978.0,3971.0,0.0017627801561319568
2019-01-10,3603.7,3978.9,-0.09429741888461642
2019-01-11,3616.5,3603.3,0.003663308633752343
2019-01-12,3597.2,3616.6,-0.005364154177957223
2019-01-13,3490.2,3597.3,-0.029772329246935302
2019-01-14,3638.1,3490.4,0.04231606692642672
2019-01-15,3571.3,3637.5,-0.018199312714776584
2019-01-16,3588.0,3570.6,0.004873130566291405
2019-01-17,3626.4,3588.1,0.010674172960619878
2019-01-18,3605.6,3626.3,-0.005708297713923357
2019-01-19,3677.8,3605.8,0.019967829607854013
2019-01-20,3542.3,3676.2,-0.03642348076818444
2019-01-21,3536.7,3542.7,-0.001693623507494284
2019-01-22,3580.1,3536.9,0.012214085781333884
2019-01-23,3561.5,3580.1,-0.00519538560375406
2019-01-24,3574.3,3561.4,0.0036221710563261894
2019-01-25,3572.0,3574.3,-0.000643482639957525
2019-01-26,3570.9,3572.0,-0.00030795072788351315
2019-01-27,3555.6,3570.9,-0.004284634125850677
2019-01-28,3442.8,3555.8,-0.031779065189268235
2019-01-29,3414.8,3442.8,-0.008132915069129778
2019-01-30,3460.0,3414.6,0.013295847244186755
2019-01-31,3437.2,3460.0,-0.006589595375722596
2019-02-01,3467.9,3437.7,0.00878494342147374
2019-02-02,3502.5,3467.9,0.009977219643011594
2019-02-03,3459.1,3502.3,-0.012334751449047845
2019-02-04,3462.8,3459.0,0.00109858340560861
2019-02-05,3468.4,3463.0,0.0015593416113196914
2019-02-06,3404.3,3468.5,-0.018509442121954683
2019-02-07,3397.7,3404.9,-0.0021145995477107322
2019-02-08,3661.7,3397.3,0.07782650928678646
2019-02-09,3661.4,3661.6,-5.462093074061014e-05
2019-02-10,3679.0,3661.0,0.004916689429117728
2019-02-11,3631.8,3678.8,-0.012775905186473849
2019-02-12,3632.0,3631.8,5.5069111735177626e-05
2019-02-13,3611.5,3632.0,-0.005644273127753304
2019-02-14,3592.6,3611.5,-0.005233282569569456
2019-02-15,3604.7,3592.6,0.0033680342927127735
2019-02-16,3616.8,3604.7,0.0033567287152884745
2019-02-17,3664.2,3616.8,0.013105507631054975
2019-02-18,3896.0,3664.2,0.06326073904262873
2019-02-19,3914.3,3896.4,0.004593984190534876
2019-02-20,3972.4,3914.3,0.014843011521855735
2019-02-21,3936.6,3972.0,-0.008912386706948664
2019-02-22,3965.2,3937.4,0.007060496774521188
2019-02-23,4120.4,3965.2,0.039140522546151475
2019-02-24,3755.2,4120.5,-0.08865428952796996
2019-02-25,3833.7,3755.7,0.020768431983385256
2019-02-26,3810.3,3833.5,-0.006051910786487496
2019-02-27,3814.6,3810.3,0.0011285200640368809
2019-02-28,3816.6,3814.6,0.0005243013684265716
2019-03-01,3821.9,3816.7,0.001362433515864562
2019-03-02,3823.1,3821.9,0.0003139799576126581
2019-03-03,3809.5,3823.2,-0.003583385645532491
2019-03-04,3715.9,3809.7,-0.02462136126204156
2019-03-05,3857.2,3715.9,0.03802578110282831
2019-03-06,3863.0,3857.2,0.0015036814269418703
2019-03-07,3875.1,3863.1,0.003106313582356139
2019-03-08,3865.9,3875.1,-0.002374132280457232
2019-03-09,3944.3,3865.6,0.020359064569536494
2019-03-10,3915.2,3944.4,-0.007402900314369808
2019-03-11,3870.3,3915.2,-0.011468124233755527
2019-03-12,3886.0,3870.3,0.004056533085290499
2019-03-13,3865.1,3885.9,-0.005352685349597309
2019-03-14,3879.0,3865.1,0.0035962847015601385
2019-03-15,3924.3,3879.0,0.011678267594740959
2019-03-16,4006.4,3924.4,0.020894913872184284
2019-03-17,3981.5,4006.4,-0.006215055910543154
2019-03-18,3990.2,3981.5,0.0021851061157854624
2019-03-19,4017.0,3990.2,0.006716455315523077
2019-03-20,4041.2,4017.0,0.006024396315658406
2019-03-21,3982.2,4041.2,-0.014599623874096804
2019-03-22,3990.4,3982.2,0.002059163276580853
2019-03-23,4002.5,3990.4,0.0030322774659181807
2019-03-24,3994.7,4002.6,-0.0019737170838954906
2019-03-25,3937.0,3994.8,-0.014468809452288019
2019-03-26,3942.8,3937.1,0.001447766122272808
2019-03-27,4041.7,3942.8,0.025083696865171867
2019-03-28,4025.6,4041.7,-0.003983472301259349
2019-03-29,4102.2,4025.7,0.019002906326849988
2019-03-30,4111.8,4103.7,0.0019738284962351935
2019-03-31,4102.3,4111.8,-0.0023104236587382656
2019-04-01,4145.1,4102.3,0.010433171635424074
2019-04-02,4859.3,4145.1,0.17229982388844653
2019-04-03,4968.7,4859.3,0.02251353075545853
2019-04-04,4902.4,4968.7,-0.013343530500935896
2019-04-05,5010.2,4902.5,0.0219683834778174
2019-04-06,5046.2,5010.0,0.007225548902195573
2019-04-07,5173.6,5046.1,0.025267037910465508
2019-04-08,5245.2,5173.5,0.013859089591185815
2019-04-09,5158.4,5245.0,-0.016510962821735056
2019-04-10,5307.8,5158.4,0.02896246898263038
2019-04-11,5022.6,5307.7,-0.05371441490664496
2019-04-12,5054.2,5022.7,0.006271527266211401
2019-04-13,5051.8,5054.2,-0.0004748525978393487
2019-04-14,5134.8,5052.0,0.016389548693586733
2019-04-15,5032.3,5135.1,-0.02001908434110342
2019-04-16,5180.9,5031.4,0.029713399848948604
2019-04-17,5208.3,5182.1,0.0050558653827598495
2019-04-18,5264.7,5208.3,0.01082886930476348
2019-04-19,5241.0,5264.8,-0.004520589576052306
2019-04-20,5290.2,5241.0,0.00938752146536917
2019-04-21,5243.5,5290.2,-0.008827643567350918
2019-04-22,5346.7,5248.2,0.018768339621203462
2019-04-23,5511.6,5346.5,0.030880014963060014
2019-04-24,5415.6,5511.2,-0.017346494411380364
2019-04-25,5209.1,5415.6,-0.038130585715340864
2019-04-26,5298.3,5209.2,0.01710435383552184
2019-04-27,5265.9,5298.2,-0.006096410101543955
2019-04-28,5302.3,5265.7,0.006950642839508587
2019-04-29,5235.0,5302.4,-0.012711225105612485
2019-04-30,5320.8,5235.4,0.01631202964434438
2019-05-01,5384.2,5321.1,0.011858450320422365
2019-05-02,5493.8,5384.6,0.02028005794302266
2019-05-03,5766.8,5493.6,0.049730595602155196
2019-05-04,5830.9,5768.0,0.010904993065187177
2019-05-05,5774.9,5830.8,-0.009587020648967645
2019-05-06,5745.1,5775.1,-0.005194715243026095
2019-05-07,5849.5,5745.5,0.018101122617700808
2019-05-08,5990.3,5849.4,0.024087940643484896
2019-05-09,6191.5,5990.5,0.03355312578248894
2019-05-10,6386.0,6194.3,0.030947806854688956
2019-05-11,7190.3,6386.6,0.1258416058622741
2019-05-12,6984.8,7190.0,-0.028539638386648098
2019-05-13,7806.0,6984.7,0.11758557991037556
2019-05-14,7994.6,7806.4,0.024108423857347912
2019-05-15,8164.6,7994.8,0.02123880522339523
2019-05-16,7871.8,8164.8,-0.03588575347834607
2019-05-17,7359.5,7871.9,-0.06509229029840313
2019-05-18,7262.6,7359.9,-0.013220288319134672
2019-05-19,8157.2,7261.9,0.12328729395888131
2019-05-20,7965.3,8156.4,-0.02342945417095771
2019-05-21,7930.3,7965.0,-0.004356559949780266
2019-05-22,7635.7,7928.7,-0.03695435569513287
2019-05-23,7852.1,7637.2,0.02813858482166246
2019-05-24,7970.1,7852.8,0.014937347188264082
2019-05-25,8027.4,7971.4,0.007025114785357654
2019-05-26,8630.2,8029.6,0.07479824648799446
2019-05-27,8760.1,8628.9,0.015204719025600104
2019-05-28,8716.3,8759.4,-0.0049204283398406705
2019-05-29,8647.8,8715.6,-0.007779154619303443
2019-05-30,8271.9,8647.8,-0.0434677027683341
2019-05-31,8558.3,8271.4,0.034685784752278896
2019-06-01,8545.7,8556.9,-0.0013088852271265188
2019-06-02,8728.6,8545.8,0.021390624634323424
2019-06-03,8124.8,8728.6,-0.06917489631785168
2019-06-04,7685.5,8118.1,-0.053288331013414514
2019-06-05,7779.1,7685.6,0.012165608410533985
2019-06-06,7784.9,7779.6,0.0006812689598436002
2019-06-07,7985.2,7785.8,0.025610727221351645
2019-06-08,7901.4,7985.3,-0.01050680625649638
2019-06-09,7635.0,7901.6,-0.033740002024906394
2019-06-10,7987.8,7635.0,0.04620825147347743
2019-06-11,7888.0,7987.8,-0.012494053431483035
2019-06-12,8133.1,7888.0,0.03107251521298179
2019-06-13,8219.0,8132.4,0.010648762972800202
2019-06-14,8656.1,8218.6,0.053232910714720263
2019-06-15,8812.5,8655.8,0.01810346819473656
2019-06-16,8962.5,8812.2,0.017055899775311415
2019-06-17,9318.8,8961.0,0.039928579399620495
2019-06-18,9080.6,9318.9,-0.025571687645537487
2019-06-19,9255.4,9080.7,0.019238604953362503
2019-06-20,9517.0,9255.0,0.028309022150189087
2019-06-21,10179.3,9517.7,0.06951259232797824
2019-06-22,10721.7,10178.1,0.053408789459722376
2019-06-23,10897.1,10721.5,0.01637830527444857
2019-06-24,11046.4,10897.3,0.01368228827324203
2019-06-25,11809.9,11046.6,0.06909818405663275
2019-06-26,13063.8,11811.6,0.1060144264959869
2019-06-27,11287.8,13062.4,-0.13585558549730528
2019-06-28,12409.1,11288.4,0.09927890577938421
2019-06-29,11906.5,12408.0,-0.040417472598323664
2019-06-30,10818.6,11906.0,-0.09133210146144798
2019-07-01,10616.6,10821.4,-0.018925462509471906
2019-07-02,10835.9,10615.5,0.02076209316565396
2019-07-03,11900.8,10835.9,0.09827517788093279
2019-07-04,11163.1,11899.3,-0.06186918558234509
2019-07-05,10970.2,11159.7,-0.01698074320994292
2019-07-06,11268.0,10969.8,0.027183722583821103
2019-07-07,11415.9,11267.9,0.013134656857089609
2019-07-08,12252.6,11415.8,0.07330191488988955
2019-07-09,12541.5,12250.6,0.023745775717107703
2019-07-10,12110.6,12542.8,-0.03445801575405802
2019-07-11,11342.3,12111.6,-0.06351761947224158
2019-07-12,11762.1,11343.7,0.03688390913017795
2019-07-13,11364.9,11762.8,-0.03382697997075523
2019-07-14,10200.1,11364.3,-0.10244361729275002
2019-07-15,10845.9,10199.9,0.06333395425445348
2019-07-16,9424.8,10844.0,-0.1308742161563999
2019-07-17,9723.2,9425.1,0.03162831163595085
2019-07-18,10651.4,9723.1,0.09547366580617285
2019-07-19,10571.5,10651.6,-0.00751999699575654
2019-07-20,10826.7,10571.9,0.02410162790037752
2019-07-21,10714.4,10827.0,-0.010399926110649335
2019-07-22,10412.5,10715.1,-0.028240520387117277
2019-07-23,9888.7,10412.8,-0.050332283343577
2019-07-24,9804.3,9887.2,-0.008384578040294669
2019-07-25,9945.3,9804.7,0.01434006139912476
2019-07-26,9831.0,9945.2,-0.011482926436874142
2019-07-27,9492.1,9830.4,-0.03441365559895826
2019-07-28,9727.8,9491.1,0.02493915352277385
2019-07-29,9580.9,9728.5,-0.015171917561802988
2019-07-30,9580.7,9580.0,7.306889352825967e-05
2019-07-31,10082.0,9580.3,0.0523678799202531
2019-08-01,10380.0,10081.9,0.029567839395352104
2019-08-02,10520.1,10380.5,0.013448292471460947
2019-08-03,10815.7,10519.9,0.028118138005114222
2019-08-04,10934.6,10816.1,0.010955889830900232
2019-08-05,11816.8,10934.8,0.0806599114752899
2019-08-06,11480.9,11817.6,-0.028491402653669163
2019-08-07,12013.9,11481.0,0.04641581743750541
2019-08-08,12191.6,12015.9,0.014622292129595014
2019-08-09,12089.8,12190.0,-0.008219852337982012
2019-08-10,11314.5,12090.5,-0.0641826227203176
2019-08-11,11517.2,11314.6,0.017906068265780527
2019-08-12,11394.2,11505.1,-0.009639203483672426
2019-08-13,10892.9,11395.0,-0.04406318560772272
2019-08-14,10049.4,10894.2,-0.07754585008536662
2019-08-15,10303.4,10053.3,0.024877403439666615
2019-08-16,10335.6,10300.9,0.003368637691852239
2019-08-17,10218.1,10335.5,-0.011358908615935333
2019-08-18,10312.7,10219.3,0.009139569246426024
2019-08-19,10910.7,10312.8,0.05797649522922984
2019-08-20,10752.6,10911.2,-0.014535523132194474
2019-08-21,10141.5,10753.3,-0.056894162722141046
2019-08-22,10105.0,10141.1,-0.003559771622407861
2019-08-23,10388.7,10104.9,0.028085384318499055
2019-08-24,10131.0,10389.4,-0.024871503647948837
2019-08-25,10136.3,10132.1,0.0004145241361612014
2019-08-26,10371.8,10136.0,0.023263614838200403
2019-08-27,10184.8,10372.2,-0.018067526657796942
2019-08-28,9729.4,10184.7,-0.04470431136901441
2019-08-29,9491.0,9729.1,-0.02447297283407513
2019-08-30,9585.4,9494.1,0.009616498667593482
2019-08-31,9594.4,9585.5,0.000928485733660178
2019-09-01,9729.3,9594.7,0.0140285782775906
2019-09-02,10348.8,9728.8,0.06372831181646246
2019-09-03,10612.3,10348.1,0.025531256945719397
2019-09-04,10568.2,10611.6,-0.004089863922499872
2019-09-05,10566.9,10567.8,-8.516436722871707e-05
2019-09-06,10309.3,10566.7,-0.02435954460711494
2019-09-07,10461.1,10306.9,0.01496085146843384
2019-09-08,10402.8,10461.6,-0.005620555173204968
2019-09-09,10309.0,10402.1,-0.008950115841993478
2019-09-10,10105.4,10308.7,-0.019721206359676884
2019-09-11,10162.5,10104.9,0.005700204851111873
2019-09-12,10415.1,10162.4,0.024866173344879235
2019-09-13,10342.1,10415.2,-0.007018588217221019
2019-09-14,10337.3,10342.2,-0.0004737870085669833
2019-09-15,10311.5,10337.3,-0.0024958161221981827
2019-09-16,10255.5,10311.3,-0.00541153879724179
2019-09-17,10195.7,10254.6,-0.0057437637743061295
2019-09-18,10164.7,10195.7,-0.0030404974646174366
2019-09-19,10250.5,10164.6,0.008450898215374893
2019-09-20,10172.7,10251.5,-0.007686679998048995
2019-09-21,9993.0,10172.8,-0.017674583202264792
2019-09-22,10031.6,9993.0,0.0038627038927249438
2019-09-23,9702.2,10031.3,-0.032807313109965666
2019-09-24,8513.9,9702.7,-0.12252259680295186
2019-09-25,8432.4,8512.3,-0.009386417302021739
2019-09-26,8063.8,8432.5,-0.043723688111473445
2019-09-27,8184.9,8063.8,0.01501773357474137
2019-09-28,8208.5,8184.5,0.002932372166900849
2019-09-29,8049.1,8208.0,-0.019359161793372274
2019-09-30,8284.3,8048.9,0.02924623240442789
2019-10-01,8302.7,8285.0,0.002136391068195622
2019-10-02,8364.1,8302.7,0.007395184698953308
2019-10-03,8226.9,8363.6,-0.016344636281027395
2019-10-04,8148.1,8227.6,-0.009662599056833098
2019-10-05,8127.3,8148.0,-0.0025405007363770026
2019-10-06,7881.9,8127.3,-0.030194529548558627
2019-10-07,8198.6,7882.6,0.040088295739984264
2019-10-08,8182.9,8198.5,-0.001902787095200386
2019-10-09,8566.7,8180.1,0.04726103592865617
2019-10-10,8562.3,8566.8,-0.0005252836531727133
2019-10-11,8267.8,8562.2,-0.0343836864357293
2019-10-12,8304.4,8267.6,0.004451110358507822
2019-10-13,8281.5,8304.3,-0.002745565550377428
2019-10-14,8353.3,8281.3,0.008694287128832431
2019-10-15,8167.2,8353.4,-0.022290324897646447
2019-10-16,8000.4,8167.1,-0.020411161856717895
2019-10-17,8073.3,8000.4,0.00911204439778018
2019-10-18,7948.5,8073.3,-0.015458362751291315
2019-10-19,7957.3,7948.3,0.0011323176025061963
2019-10-20,8223.4,7957.4,0.033428004121949385
2019-10-21,8208.2,8224.1,-0.0019333422502157847
2019-10-22,8031.4,8207.4,-0.02144406267514682
2019-10-23,7477.0,8031.0,-0.06898269206823558
2019-10-24,7422.7,7476.8,-0.007235715814252135
2019-10-25,8658.3,7422.8,0.16644662391550347
2019-10-26,9230.6,8658.4,0.06608611290769666
2019-10-27,9529.6,9230.6,0.032392260524776284
2019-10-28,9207.2,9530.1,-0.03388212085917248
2019-10-29,9411.3,9206.5,0.022245152881116524
2019-10-30,9157.9,9411.3,-0.02692507942579661
2019-10-31,9152.6,9157.9,-0.0005787352995773347
2019-11-01,9230.1,9153.1,0.008412450426631414
2019-11-02,9300.6,9230.3,0.007616220491208422
2019-11-03,9198.3,9300.5,-0.010988656523842882
2019-11-04,9396.4,9198.7,0.021492167371476283
2019-11-05,9310.8,9396.1,-0.009078234586690338
2019-11-06,9338.9,9311.2,0.0029749119340148323
2019-11-07,9223.5,9339.2,-0.012388641425389832
2019-11-08,8778.2,9223.6,-0.048289171256342384
2019-11-09,8804.5,8778.1,0.0030074845353777737
2019-11-10,9036.8,8804.7,0.026360920871806935
2019-11-11,8736.9,9036.9,-0.03319722471201408
2019-11-12,8812.6,8737.4,0.008606679332524634
2019-11-13,8783.1,8813.2,-0.0034153315481323878
2019-11-14,8661.2,8782.9,-0.013856471097245662
2019-11-15,8476.3,8660.8,-0.021302881950859043
2019-11-16,8497.3,8476.2,0.002489323045704271
2019-11-17,8509.8,8497.4,0.001459269894320573
2019-11-18,8208.4,8510.3,-0.03547466011773964
2019-11-19,8145.7,8207.7,-0.007553882330007299
2019-11-20,8099.3,8145.7,-0.0056962569208293505
2019-11-21,7627.9,8099.4,-0.0582141887053362
2019-11-22,7272.5,7627.9,-0.04659211578547171
2019-11-23,7324.1,7271.6,0.007219869079707354
2019-11-24,6924.7,7325.0,-0.054648464163822554
2019-11-25,7115.6,6924.7,0.027567981284387852
2019-11-26,7162.8,7115.5,0.00664745977092266
2019-11-27,7510.6,7162.8,0.04855643044619425
2019-11-28,7426.7,7510.6,-0.011170878491731758
2019-11-29,7742.7,7426.6,0.04256321870034732
2019-11-30,7546.6,7742.7,-0.025327082283957723
2019-12-01,7396.4,7546.5,-0.019890015238852497
2019-12-02,7298.2,7395.9,-0.013210021768817835
2019-12-03,7291.8,7298.1,-0.0008632383771118759
2019-12-04,7204.4,7291.9,-0.011999616012287608
2019-12-05,7399.2,7204.6,0.02701052105599193
2019-12-06,7530.8,7399.2,0.017785706562871713
2019-12-07,7510.9,7530.4,-0.002589503877616063
2019-12-08,7524.4,7510.8,0.001810725888054462
2019-12-09,7355.8,7524.8,-0.022459068679566235
2019-12-10,7235.7,7356.2,-0.01638074005600718
2019-12-11,7208.0,7235.8,-0.0038420077945769894
2019-12-12,7208.0,7208.0,0.0
2019-12-13,7255.2,7208.4,0.006492425503579183
2019-12-14,7080.8,7255.2,-0.0240379314147094
2019-12-15,7128.5,7080.8,0.006736526946107759
2019-12-16,6903.5,7128.5,-0.03156344251946412
2019-12-17,6613.3,6903.5,-0.04203664807706233
2019-12-18,7276.0,6613.5,0.10017388674680577
2019-12-19,7165.5,7276.4,-0.01524105326809956
2019-12-20,7196.4,7165.5,0.004312329914172024
2019-12-21,7156.2,7196.4,-0.005586126396531574
2019-12-22,7495.8,7156.3,0.0474407165714126
2019-12-23,7322.8,7496.2,-0.023131720071502847
2019-12-24,7268.3,7322.4,-0.0073882879930076825
2019-12-25,7224.8,7268.3,-0.005984893303798687
2019-12-26,7210.9,7225.0,-0.001951557093425656
2019-12-27,7261.7,7210.8,0.0070588561602040875
2019-12-28,7321.5,7261.9,0.008207218496536769
2019-12-29,7397.5,7321.6,0.010366586538461488
2019-12-30,7261.8,7397.5,-0.0183440351470091
2019-12-31,7196.4,7261.5,-0.008965089857467516
2020-01-01,7199.8,7196.4,0.00047245845144802207
2020-01-02,6967.0,7199.7,-0.03232079114407542
2020-01-03,7343.1,6967.1,0.0539679350088272
2020-01-04,7376.8,7345.1,0.004315802371649102
2020-01-05,7372.5,7376.8,-0.0005829085782453342
2020-01-06,7759.1,7372.6,0.05242383962238559
2020-01-07,8155.7,7759.1,0.05111417561315094
2020-01-08,8059.6,8154.2,-0.011601383336194778
2020-01-09,7842.4,8060.0,-0.02699751861042188
2020-01-10,8187.1,7842.5,0.043940070130698165
2020-01-11,8024.1,8187.8,-0.01999316055594907
2020-01-12,8187.6,8023.3,0.02047785823788219
2020-01-13,8111.4,8188.3,-0.009391448774470958
2020-01-14,8829.2,8111.2,0.08851957786763992
2020-01-15,8818.3,8827.9,-0.0010874613441475736
2020-01-16,8726.9,8818.1,-0.010342364001315558
2020-01-17,8913.1,8726.7,0.021359735065946992
2020-01-18,8916.3,8913.0,0.0003702457085155697
2020-01-19,8706.2,8916.3,-0.023563585792312793
2020-01-20,8641.9,8705.7,-0.007328531881411154
2020-01-21,8732.6,8642.0,0.01048368433233052
2020-01-22,8678.5,8733.0,-0.006240696209778999
2020-01-23,8405.1,8678.5,-0.03150313994353859
2020-01-24,8439.9,8404.9,0.004164237528108603
2020-01-25,8341.6,8439.9,-0.011647057429590312
2020-01-26,8607.8,8341.6,0.03191234295578772
2020-01-27,8866.6,8608.1,0.030029855601119874
2020-01-28,9377.3,8866.6,0.05759817742990536
2020-01-29,9298.9,9377.3,-0.008360615528990183
2020-01-30,9507.3,9299.1,0.02238926347711057
2020-01-31,9349.1,9508.3,-0.01674326640934751
2020-02-01,9381.6,9349.3,0.003454804102981089
2020-02-02,9334.9,9381.5,-0.004967222725576972
2020-02-03,9296.6,9334.6,-0.004070876095387054
2020-02-04,9193.9,9296.5,-0.011036411552734939
2020-02-05,9611.8,9194.1,0.045431309209166625
2020-02-06,9772.0,9611.8,0.01666701346261894
2020-02-07,9818.6,9771.9,0.00477900919984862
2020-02-08,9895.5,9817.3,0.007965530237438068
2020-02-09,10151.5,9895.4,0.025880712250136464
2020-02-10,9854.1,10151.5,-0.02929616312860165
2020-02-11,10229.5,9854.0,0.03810635275015222
2020-02-12,10317.7,10229.3,0.008641842550321278
2020-02-13,10235.1,10321.9,-0.008409304488514641
2020-02-14,10333.0,10235.5,0.009525670460651654
2020-02-15,9907.7,10336.0,-0.041437693498451944
2020-02-16,9932.3,9907.4,0.002513272907119894
2020-02-17,9701.4,9931.7,-0.023188376612261856
2020-02-18,10158.4,9701.5,0.04709580992630002
2020-02-19,9609.4,10158.6,-0.054062567676648424
2020-02-20,9602.4,9611.9,-0.0009883581810047962
2020-02-21,9684.5,9602.2,0.008570952490054287
2020-02-22,9655.7,9684.5,-0.0029738241519953815
2020-02-23,9942.7,9655.6,0.029734040349641694
2020-02-24,9662.7,9943.2,-0.02821023412985759
2020-02-25,9317.2,9662.6,-0.035746072485666344
2020-02-26,8800.3,9317.1,-0.05546790310289694
2020-02-27,8818.6,8800.1,0.0021022488380813852
2020-02-28,8697.5,8820.1,-0.013900069160213644
2020-02-29,8543.7,8697.1,-0.017638063262466756
2020-03-01,8540.0,8543.8,-0.00044476696551877065
2020-03-02,8904.8,8537.5,0.04302196193264999
2020-03-03,8761.4,8906.1,-0.016247291182448068
2020-03-04,8757.9,8761.3,-0.0003880702635453228
2020-03-05,9060.3,8757.9,0.034528825403350075
2020-03-06,9134.8,9060.6,0.008189303136657496
2020-03-07,8887.8,9134.2,-0.026975542466773382
2020-03-08,8034.1,8887.8,-0.09605301649452046
2020-03-09,7933.0,8035.8,-0.01279275243286296
2020-03-10,7891.2,7933.0,-0.005269128954998132
2020-03-11,7935.1,7892.1,0.005448486461144689
2020-03-12,4826.0,7935.2,-0.3918237725577175
2020-03-13,5584.3,4815.2,0.15972337597607583
2020-03-14,5182.7,5589.4,-0.07276272945217731
2020-03-15,5366.3,5182.9,0.03538559493719743
2020-03-16,5030.0,5366.4,-0.06268634466308878
2020-03-17,5261.1,5030.2,0.045902747405669866
2020-03-18,5361.4,5260.7,0.019141939285646364
2020-03-19,6172.0,5359.2,0.15166442752649653
2020-03-20,6205.3,6171.6,0.005460496467690683
2020-03-21,6186.2,6205.6,-0.003126208585793565
2020-03-22,5822.1,6186.9,-0.05896329341026997
2020-03-23,6468.9,5822.0,0.11111301958089997
2020-03-24,6744.6,6468.8,0.04263541924313631
2020-03-25,6678.9,6744.8,-0.009770489858854309
2020-03-26,6725.1,6677.9,0.007068090267898701
2020-03-27,6373.4,6725.5,-0.05235298490818532
2020-03-28,6233.7,6373.4,-0.02191922678633066
2020-03-29,5890.4,6233.2,-0.05499582878778159
2020-03-30,6391.0,5890.4,0.08498573950835264
2020-03-31,6412.5,6391.1,0.003348406377618819
2020-04-01,6638.5,6412.4,0.035259809119830385
2020-04-02,6800.5,6638.8,0.024356811471952733
2020-04-03,6735.9,6799.9,-0.009411903116222298
2020-04-04,6857.4,6735.9,0.018037678706631633
2020-04-05,6772.7,6857.5,-0.012366022602989454
2020-04-06,7332.3,6772.8,0.08260985116938341
2020-04-07,7185.2,7332.3,-0.02006191781569226
2020-04-08,7361.2,7185.6,0.02443776441772426
2020-04-09,7289.0,7361.1,-0.009794731765632904
2020-04-10,6863.1,7289.0,-0.05843051173000407
2020-04-11,6867.8,6862.7,0.0007431477406852061
2020-04-12,6917.6,6867.9,0.007236564306411091
2020-04-13,6841.3,6918.1,-0.011101313944580185
2020-04-14,6850.9,6841.8,0.001330059341108985
2020-04-15,6629.1,6851.3,-0.03243180126399367
2020-04-16,7085.6,6629.1,0.06886304324870646
2020-04-17,7035.8,7085.5,-0.007014325029990801
2020-04-18,7230.8,7035.9,0.027700791654230526
2020-04-19,7122.9,7230.9,-0.014935900095423806
2020-04-20,6833.5,7122.9,-0.04062951887573876
2020-04-21,6842.5,6833.4,0.0013316943249334686
2020-04-22,7112.9,6842.5,0.03951772013153082
2020-04-23,7488.5,7112.8,0.05282026768642445
2020-04-24,7503.8,7491.3,0.0016686022452711811
2020-04-25,7540.4,7503.9,0.00486413731526273
2020-04-26,7678.9,7540.4,0.01836772585008753
2020-04-27,7766.0,7679.4,0.011276922676250797
2020-04-28,7746.9,7766.0,-0.002459438578418795
2020-04-29,8770.9,7746.7,0.1322111350639627
2020-04-30,8629.0,8770.6,-0.01614484755888997
2020-05-01,8821.6,8628.6,0.022367475604385414
2020-05-02,8966.3,8821.6,0.01640292010519621
2020-05-03,8885.5,8966.2,-0.00900046842586611
2020-05-04,8874.7,8885.5,-0.0012154633954194218
2020-05-05,9001.0,8874.2,0.014288611931216251
2020-05-06,9151.4,9000.6,0.016754438592982607
2020-05-07,9979.8,9152.7,0.09036677701661788
2020-05-08,9806.2,9980.1,-0.01742467510345584
2020-05-09,9554.6,9806.0,-0.02563736487864569
2020-05-10,8738.8,9553.9,-0.08531594427406614
2020-05-11,8579.8,8737.6,-0.018059879143014223
2020-05-12,8813.8,8569.8,0.028472076361175293
2020-05-13,9298.7,8813.9,0.0550040277289283
2020-05-14,9778.4,9298.7,0.051587856367018924
2020-05-15,9318.0,9778.6,-0.047102857259730464
2020-05-16,9379.5,9318.1,0.006589326150180792
2020-05-17,9677.7,9376.6,0.03211185291043665
2020-05-18,9730.7,9678.4,0.0054037857497108086
2020-05-19,9773.3,9730.8,0.004367575122292104
2020-05-20,9512.3,9773.0,-0.026675534636242785
2020-05-21,9059.0,9511.6,-0.047584002691450474
2020-05-22,9169.7,9058.2,0.012309288821178599
2020-05-23,9177.0,9169.8,0.0007851861545508875
2020-05-24,8728.2,9177.9,-0.04899813682868619
2020-05-25,8898.2,8728.0,0.019500458295142156
2020-05-26,8842.5,8897.7,-0.006203850433258115
2020-05-27,9199.1,8842.3,0.04035149225880157
2020-05-28,9572.2,9199.8,0.040479140850888225
2020-05-29,9424.8,9573.4,-0.015522176029414875
2020-05-30,9692.5,9424.8,0.028403785756727012
2020-05-31,9454.8,9692.9,-0.024564371859814953
2020-06-01,10189.3,9454.5,0.07771960442117502
2020-06-02,9527.6,10190.7,-0.06506913165925798
2020-06-03,9667.2,9527.0,0.014716070116511045
2020-06-04,9794.4,9667.2,0.013157894736841992
2020-06-05,9631.2,9794.0,-0.01662242189095357
2020-06-06,9669.6,9630.8,0.00402874112223295
2020-06-07,9742.6,9669.6,0.007549433275419872
2020-06-08,9777.9,9743.4,0.003540858427243057
2020-06-09,9768.8,9777.7,-0.0009102345132292312
2020-06-10,9878.8,9768.8,0.01126033903857178
2020-06-11,9283.2,9878.9,-0.0603002358562187
2020-06-12,9466.6,9283.7,0.01970119672113485
2020-06-13,9471.3,9466.5,0.0005070511804784527
2020-06-14,9345.3,9470.7,-0.013240837530488924
2020-06-15,9425.4,9345.5,0.008549569311433271
2020-06-16,9523.5,9425.6,0.010386606688168354
2020-06-17,9464.6,9523.6,-0.006195136292998445
2020-06-18,9388.1,9464.6,-0.00808275045960738
2020-06-19,9314.0,9390.3,-0.00812540600406795
2020-06-20,9358.8,9314.0,0.004809963495812677
2020-06-21,9296.4,9358.8,-0.006667521477112412
2020-06-22,9683.7,9296.5,0.04165008336470723
2020-06-23,9624.6,9683.9,-0.0061235659186897095
2020-06-24,9302.0,9624.6,-0.03351827608420094
2020-06-25,9247.5,9300.8,-0.005730689833132556
2020-06-26,9160.0,9247.5,-0.009462016761286834
2020-06-27,9008.3,9160.5,-0.016614813601877707
2020-06-28,9124.0,9008.4,0.012832467474801337
2020-06-29,9185.4,9122.8,0.006861928355329544
2020-06-30,9135.4,9186.0,-0.005508382320923184
2020-07-01,9229.9,9135.9,0.010289079346315087
2020-07-02,9085.1,9229.9,-0.01568814396689014
2020-07-03,9067.1,9085.0,-0.0019702806824435483
2020-07-04,9134.4,9067.1,0.007422439368706562
2020-07-05,9081.0,9134.3,-0.005835148834612316
2020-07-06,9339.0,9080.4,0.02847892163340826
2020-07-07,9256.0,9338.8,-0.008866235490641118
2020-07-08,9429.9,9256.3,0.018754794032172725
2020-07-09,9235.7,9430.1,-0.020614839715379436
2020-07-10,9285.1,9239.0,0.004989717501894184
2020-07-11,9233.3,9285.8,-0.005653793964978785
2020-07-12,9300.8,9234.2,0.007212319421281599
2020-07-13,9243.6,9300.5,-0.006117950647814594
2020-07-14,9253.4,9243.1,0.0011143447544654144
2020-07-15,9198.7,9253.6,-0.005932826143338769
2020-07-16,9135.3,9198.7,-0.006892278256710345
2020-07-17,9155.8,9135.4,0.0022330713488188407
2020-07-18,9170.2,9155.8,0.0015727735424541226
2020-07-19,9208.0,9170.1,0.0041329974591334485
2020-07-20,9162.4,9208.1,-0.004963021687427452
2020-07-21,9387.3,9162.3,0.02455715268000393
2020-07-22,9513.7,9387.4,0.013454204572086105
2020-07-23,9599.6,9513.6,0.009039690548267743
2020-07-24,9546.4,9599.2,-0.005500458371531074
2020-07-25,9704.1,9546.7,0.016487372599955967
2020-07-26,9932.5,9690.0,0.02502579979360165
2020-07-27,11022.8,9932.7,0.10974860813273314
2020-07-28,10908.5,10961.1,-0.004798788442765814
2020-07-29,11105.9,10908.4,0.018105313336511313
2020-07-30,11096.2,11105.8,-0.0008644131895044522
2020-07-31,11333.4,11096.5,0.021349074032352512
2020-08-01,11803.1,11333.2,0.04146225249708817
2020-08-02,11066.8,11802.6,-0.06234219578736898
2020-08-03,11224.4,11066.9,0.014231627646405046
2020-08-04,11184.7,11223.8,-0.0034836686327267543
2020-08-05,11735.1,11184.8,0.049200700951291136
2020-08-06,11757.1,11735.0,0.0018832552194290894
2020-08-07,11592.0,11757.1,-0.014042578527017747
2020-08-08,11764.3,11591.6,0.014898719762586606
2020-08-09,11681.2,11764.4,-0.007072183876780704
2020-08-10,11889.2,11681.1,0.017815103029680455
2020-08-11,11390.4,11889.2,-0.04195404232412619
2020-08-12,11557.2,11390.4,0.014643910661609872
2020-08-13,11770.9,11557.2,0.01849063787076445
2020-08-14,11750.8,11771.1,-0.0017245627001725489
2020-08-15,11845.3,11751.1,0.0080162708172
2020-08-16,11899.0,11845.5,0.004516483052636022
2020-08-17,12282.6,11898.8,0.03225535348102339
2020-08-18,11947.6,12283.0,-0.02730603272816084
2020-08-19,11750.2,11944.4,-0.01625866514852139
2020-08-20,11856.9,11751.0,0.009011998978810283
2020-08-21,11529.2,11856.9,-0.027637915475377115
2020-08-22,11661.3,11529.2,0.011457863511778662
2020-08-23,11641.6,11661.1,-0.0016722264623406024
2020-08-24,11753.5,11641.6,0.009612080813633832
2020-08-25,11324.8,11752.9,-0.03642505254022415
2020-08-26,11462.3,11324.9,0.012132557461876012
2020-08-27,11327.4,11462.3,-0.011769016689495097
2020-08-28,11527.4,11327.5,0.01764731847274329
2020-08-29,11468.1,11527.8,-0.005178785197522417
2020-08-30,11702.0,11468.1,0.020395706350659622
2020-08-31,11644.2,11701.1,-0.0048627906777994915
2020-09-01,11914.9,11644.2,0.02324762542725124
2020-09-02,11413.3,11914.4,-0.0420583495601961
2020-09-03,10168.8,11413.2,-0.10903164756597636
2020-09-04,10472.5,10168.7,0.02987599201471174
2020-09-05,10092.2,10472.3,-0.03629575164958974
2020-09-06,10296.4,10092.2,0.020233447613007955
2020-09-07,10376.9,10296.4,0.00781826657861
2020-09-08,10126.6,10376.9,-0.024120883886324364
2020-09-09,10224.6,10126.8,0.009657542362839307
2020-09-10,10339.7,10224.3,0.01128683626262937
2020-09-11,10390.2,10339.8,0.004874368943306588
2020-09-12,10441.9,10390.2,0.004975842620931157
2020-09-13,10326.0,10441.7,-0.011080571171361055
2020-09-14,10675.3,10332.7,0.03315687090499081
2020-09-15,10785.3,10675.2,0.010313624100719287
2020-09-16,10949.5,10785.2,0.015233838964506849
2020-09-17,10941.3,10950.1,-0.0008036456288071425
2020-09-18,10933.0,10941.3,-0.000758593585771277
2020-09-19,11081.8,10933.0,0.013610171041799988
2020-09-20,10921.5,11081.6,-0.014447372220617994
2020-09-21,10416.8,10919.9,-0.046071850474821235
2020-09-22,10531.5,10419.4,0.010758776896942277
2020-09-23,10237.3,10531.5,-0.027935241893367584
2020-09-24,10739.4,10238.1,0.048964163272482125
2020-09-25,10688.8,10739.9,-0.004757958640210837
2020-09-26,10727.9,10688.9,0.003648644855878528
2020-09-27,10776.2,10727.9,0.0045022791040185955
2020-09-28,10693.2,10776.4,-0.00772057458891642
2020-09-29,10840.9,10694.3,0.013708237098267337
2020-09-30,10776.1,10843.4,-0.006206540384012328
2020-10-01,10620.5,10776.6,-0.014485088061169604
2020-10-02,10572.3,10619.6,-0.004454028400316498
2020-10-03,10544.2,10572.2,-0.0026484553829855657
2020-10-04,10672.9,10544.4,0.0121865634839346
2020-10-05,10789.5,10672.5,0.010962754743499649
2020-10-06,10602.6,10790.2,-0.017386146688661966
2020-10-07,10670.9,10601.0,0.006593717573813757
2020-10-08,10924.1,10670.7,0.02374727056331821
2020-10-09,11054.2,10923.5,0.011965029523504438
2020-10-10,11298.4,11053.5,0.02215587822861534
2020-10-11,11371.0,11295.6,0.006675165551188041
2020-10-12,11533.9,11370.8,0.014343757695149012
2020-10-13,11423.8,11533.5,-0.009511423245328887
2020-10-14,11420.4,11424.4,-0.0003501277966457757
2020-10-15,11503.0,11421.4,0.007144483163184931
2020-10-16,11322.0,11503.2,-0.015752138535364134
2020-10-17,11362.1,11321.8,0.0035595046724020115
2020-10-18,11506.9,11362.1,0.01274412300543027
2020-10-19,11753.4,11507.1,0.021404176551867913
2020-10-20,11913.5,11753.9,0.013578471826372555
2020-10-21,12808.7,11913.6,0.07513262154176742
2020-10-22,12974.6,12805.5,0.013205263363398568
2020-10-23,12934.1,12972.7,-0.0029754792757097875
2020-10-24,13117.2,12933.6,0.014195583596214539
2020-10-25,13032.2,13117.0,-0.00646489288709303
2020-10-26,13061.6,13033.0,0.0021944295250518196
2020-10-27,13657.8,13061.5,0.04565325575163643
2020-10-28,13278.9,13658.3,-0.027777981154316397
2020-10-29,13457.2,13278.3,0.013473110262609028
2020-10-30,13559.9,13457.0,0.007646577989150601
2020-10-31,13797.3,13560.2,0.017484992846713066
2020-11-01,13759.4,13795.5,-0.002616795331811124
2020-11-02,13561.4,13759.7,-0.01441165141681876
2020-11-03,14019.9,13560.5,0.03387780686552853
2020-11-04,14145.6,14023.0,0.008742779719033042
2020-11-05,15587.1,14145.6,0.10190447913131999
2020-11-06,15577.9,15593.9,-0.0010260422344634762
2020-11-07,14828.4,15578.2,-0.04813136305863329
2020-11-08,15483.7,14826.6,0.04431899424008204
2020-11-09,15327.2,15483.3,-0.010081830100818208
2020-11-10,15303.6,15328.0,-0.0015918580375782643
2020-11-11,15695.8,15303.1,0.025661467284406356
2020-11-12,16294.7,15695.8,0.038156704341288844
2020-11-13,16324.2,16293.0,0.0019149327932241286
2020-11-14,16071.0,16323.1,-0.015444370248298445
2020-11-15,15953.0,16074.7,-0.007570903345008039
2020-11-16,16715.8,15954.1,0.04774321334327846
2020-11-17,17662.3,16715.8,0.05662307517438591
2020-11-18,17774.6,17662.3,0.006358175322579691
2020-11-19,17803.5,17775.1,0.0015977406596869473
2020-11-20,18675.2,17805.5,0.04884445817303646
2020-11-21,18687.2,18673.8,0.0007175829236685332
2020-11-22,18412.9,18689.3,-0.01478921093887935
2020-11-23,18379.6,18428.1,-0.002631850272138745
2020-11-24,19152.6,18394.6,0.04120774575147054
2020-11-25,18723.0,19151.5,-0.022374226561888103
2020-11-26,17162.0,18721.9,-0.08331953487626798
2020-11-27,17127.1,17160.9,-0.0019695936693298667
2020-11-28,17730.7,17142.6,0.03430634792855239
2020-11-29,18185.5,17729.7,0.02570827481570468
2020-11-30,19698.1,18186.0,0.08314637633344323
2020-12-01,18770.7,19697.8,-0.047066169826071876
2020-12-02,19218.8,18767.9,0.024025064072165654
2020-12-03,19433.3,19219.8,0.01110833619496561
2020-12-04,18658.1,19431.1,-0.03978158724930653
2020-12-05,19146.5,18657.5,0.026209299209433205
2020-12-06,19379.9,19146.0,0.012216650997597485
2020-12-07,19170.7,19368.4,-0.010207348051465311
2020-12-08,18326.6,19170.8,-0.04403572099234256
2020-12-09,18546.0,18322.4,0.012203641444352188
2020-12-10,18247.2,18546.1,-0.01611659594200386
2020-12-11,18023.6,18250.5,-0.01243253609490159
2020-12-12,18808.9,18026.7,0.04339119195415693
2020-12-13,19176.8,18808.1,0.019603256043938557
2020-12-14,19273.8,19176.4,0.005079159800588109
2020-12-15,19434.9,19273.9,0.008353265296592801
2020-12-16,21352.2,19434.7,0.09866373033800367
2020-12-17,22825.4,21352.3,0.06899022587730606
2020-12-18,23127.9,22823.3,0.01334601043670294
2020-12-19,23844.0,23127.6,0.030975976755045983
2020-12-20,23474.9,23843.6,-0.015463268969450801
2020-12-21,22728.5,23474.1,-0.03176266608730467
2020-12-22,23823.2,22730.4,0.04807658466195048
2020-12-23,23257.9,23820.8,-0.02363060854379357
2020-12-24,23736.5,23253.2,0.02078423614814302
2020-12-25,24689.6,23728.7,0.040495265227340635
2020-12-26,26454.4,24714.7,0.07039130557927066
2020-12-27,26261.3,26460.3,-0.0075207008234978445
2020-12-28,27057.8,26259.2,0.030412198391420855
2020-12-29,27376.0,27065.3,0.011479643676589608
2020-12-30,28868.7,27374.5,0.05458364536338566
2020-12-31,28949.4,28866.8,0.0028614186539554845
2021-01-01,29359.9,28951.7,0.014099344770773417
2021-01-02,32193.3,29359.7,0.09651324775116907
2021-01-03,32958.9,32192.9,0.02379406639352155
2021-01-04,32022.6,33016.6,-0.030106067856775078
2021-01-05,33991.5,32015.4,0.06172342060383436
2021-01-06,36793.2,33999.3,0.08217522125455506
2021-01-07,39460.2,36798.5,0.07233175265296132
2021-01-08,40599.3,39466.4,0.028705430442097616
2021-01-09,40151.9,40607.2,-0.011212297326582372
2021-01-10,38192.2,40149.7,-0.048755034284191416
2021-01-11,35544.3,38195.3,-0.06940644529562537
2021-01-12,34076.1,35426.0,-0.038104781798678974
2021-01-13,37382.2,34061.2,0.09750096884431553
2021-01-14,39175.7,37383.4,0.04794373973474846
2021-01-15,36845.8,39175.7,-0.0594730917379905
2021-01-16,36019.5,36751.8,-0.01992555466671028
2021-01-17,35839.6,36020.1,-0.005011091029730623
2021-01-18,36613.2,35838.2,0.021624970004073867
2021-01-19,36002.9,36630.6,-0.017135946449143534
2021-01-20,35476.3,35862.1,-0.01075787530568471
2021-01-21,30842.1,35472.3,-0.1305300191980786
2021-01-22,33000.5,30838.7,0.07010023120300139
2021-01-23,32088.9,32994.1,-0.027435208112965563
2021-01-24,32241.3,32088.5,0.0047618305623509756
2021-01-25,32252.3,32244.3,0.0002481058667733522
2021-01-26,32502.1,32244.1,0.008001463833693606
2021-01-27,30404.0,32499.6,-0.06448079360976747
2021-01-28,33374.8,30408.9,0.09753394565406842
2021-01-29,34301.8,33381.7,0.027563006078180737
2021-01-30,34283.1,34300.0,-0.0004927113702624331
2021-01-31,33108.1,34281.6,-0.034231191076262484
2021-02-01,33515.7,33106.8,0.01235093696763185
2021-02-02,35485.2,33514.0,0.058817210717908845
2021-02-03,37646.8,35486.9,0.060864713457642154
2021-02-04,36982.1,37648.9,-0.017711008820974927
2021-02-05,38297.6,36976.4,0.03573089862723242
2021-02-06,39256.6,38300.6,0.024960444483898427
2021-02-07,38852.9,39228.9,-0.009584770411609808
2021-02-08,46395.7,38853.6,0.19411586056375726
2021-02-09,46508.6,46396.4,0.0024182910743074265
2021-02-10,44836.0,46507.8,-0.0359466584099872
2021-02-11,47990.7,44834.8,0.0703895188558886
2021-02-12,47371.7,47995.0,-0.012986769455151639
2021-02-13,47168.7,47373.1,-0.004314684916123316
2021-02-14,48643.4,47172.1,0.031190046658936172
2021-02-15,47936.3,48611.1,-0.013881603172937778
2021-02-16,49169.7,47934.2,0.025774916447964084
2021-02-17,52079.2,49161.3,0.05935359724010541
2021-02-18,51582.2,52094.5,-0.009834051579341445
2021-02-19,55906.6,51590.1,0.08366915357791514
2021-02-20,55923.7,55922.0,3.039948499690801e-05
2021-02-21,57433.8,55907.6,0.027298614141905653
2021-02-22,54111.8,57437.6,-0.057902837165898224
2021-02-23,48911.2,54114.1,-0.09614684527692416
2021-02-24,49697.5,48911.1,0.016078149949602473
2021-02-25,46928.5,49695.9,-0.05568668642684812
2021-02-26,46345.6,46928.5,-0.012421023471877462
2021-02-27,46136.7,46333.1,-0.004238870267692027
2021-02-28,45164.0,46136.0,-0.02106814634992197
2021-03-01,49595.5,45160.5,0.0982052900211468
2021-03-02,48424.2,49595.6,-0.023619030720467168
2021-03-03,50395.1,48422.2,0.04074370846429946
2021-03-04,48428.0,50388.0,-0.03889815035325871
2021-03-05,48792.5,48363.6,0.008868239750556233
2021-03-06,48855.6,48798.7,0.001166014668423574
2021-03-07,50982.3,48899.0,0.04260414323401303
2021-03-08,52311.0,50988.9,0.025929172819966668
2021-03-09,54879.0,52352.4,0.04826139775826893
2021-03-10,55851.9,54882.7,0.017659481038651604
2021-03-11,57799.5,55851.2,0.03488376256911226
2021-03-12,57265.1,57806.2,-0.009360587618629118
2021-03-13,61195.3,57267.4,0.06858876079584549
2021-03-14,59113.7,61192.7,-0.03397464076597372
2021-03-15,55791.3,59117.4,-0.05626262318708195
2021-03-16,56889.7,55619.5,0.022837314251296707
2021-03-17,58913.5,56892.9,0.03551585522973866
2021-03-18,57656.0,58911.8,-0.02131661229159528
2021-03-19,58088.0,57645.0,0.007684968340706045
2021-03-20,58093.4,58084.1,0.00016011266422313354
2021-03-21,57383.8,58097.4,-0.012282821606474618
2021-03-22,54158.3,57379.3,-0.05613522646668746
2021-03-23,54452.5,54117.5,0.006190234212592969
2021-03-24,52325.4,54309.1,-0.03652610704283439
2021-03-25,51322.3,52330.0,-0.01925664055035347
2021-03-26,55036.1,51317.4,0.07246470008223325
2021-03-27,55862.9,55033.8,0.015065287150805478
2021-03-28,55765.2,55856.9,-0.0016416951173445782
2021-03-29,57616.2,55764.7,0.03320200772173077
2021-03-30,58771.3,57614.6,0.020076508385027482
2021-03-31,58763.7,58771.4,-0.00013101610647363115
2021-04-01,58718.3,58763.2,-0.0007640836441853776
2021-04-02,58977.3,58718.2,0.004412601203715472
2021-04-03,57059.9,58976.8,-0.03250261119626703
2021-04-04,58199.9,57059.7,0.019982579649034334
2021-04-05,58993.4,58202.3,0.013592246354525482
2021-04-06,57996.3,59169.0,-0.01981950007605329
2021-04-07,55948.7,57996.3,-0.03530570053606878
2021-04-08,58077.4,55948.0,0.03806034174590694
2021-04-09,58118.7,58076.8,0.0007214584825609223
2021-04-10,59748.4,58127.4,0.027887020578935235
2021-04-11,59978.7,59772.4,0.0034514257416465733
2021-04-12,59863.8,59982.1,-0.0019722550560916613
2021-04-13,63540.9,59863.6,0.061427979606973236
2021-04-14,62980.4,63544.2,-0.008872564293830053
2021-04-15,63216.0,62978.6,0.003769534413276914
2021-04-16,61379.7,63211.6,-0.028980440298932496
2021-04-17,60041.9,61358.3,-0.021454310174825596
2021-04-18,56207.1,60043.2,-0.06388899992005753
2021-04-19,55646.1,56208.1,-0.009998558926560408
2021-04-20,56483.2,55645.1,0.0150615238358813
2021-04-21,53820.2,56479.5,-0.04708434033587413
2021-04-22,51729.5,53821.3,-0.03886565356095083
2021-04-23,51143.6,51707.1,-0.010897923109205506
2021-04-24,50088.9,51140.8,-0.020568704439508208
2021-04-25,48963.6,50088.2,-0.0224523939770245
2021-04-26,54020.5,48963.5,0.1032810154502844
2021-04-27,55036.5,54011.1,0.018984986419458248
2021-04-28,54841.4,55036.0,-0.0035358674322261527
2021-04-29,53560.8,54838.6,-0.023301105425740185
2021-04-30,57720.3,53562.3,0.07762922802045469
2021-05-01,57807.1,57719.1,0.0015246252973452462
2021-05-02,56603.8,57807.2,-0.020817476023747807
2021-05-03,57169.8,56605.8,0.009963643301569803
2021-05-04,53741.5,57170.6,-0.05998012964705633
2021-05-05,57441.3,53872.5,0.06624530140609779
2021-05-06,56405.4,57441.0,-0.018028934036663682
2021-05-07,57337.2,56411.4,0.016411576383496874
2021-05-08,58840.1,57330.3,0.02633511424150921
2021-05-09,58238.3,58840.6,-0.010236129475226216
2021-05-10,55848.9,58251.2,-0.0412403521300848
2021-05-11,56695.7,55846.1,0.015213237808906953
2021-05-12,49384.2,56694.5,-0.12894196086040097
2021-05-13,49704.6,49398.2,0.006202655157475403
2021-05-14,49839.8,49704.9,0.002714018135032994
2021-05-15,46708.8,49839.1,-0.06280811651895792
2021-05-16,46426.4,46729.3,-0.006482014496258267
2021-05-17,43541.3,46424.2,-0.06209907763623271
2021-05-18,42897.3,43538.5,-0.014727195470675313
2021-05-19,36720.5,42898.3,-0.1440103687092496
2021-05-20,40717.2,36706.8,0.1092549609336688
2021-05-21,37297.4,40611.2,-0.08159817981246542
2021-05-22,37448.3,37291.0,0.004218175967391674
2021-05-23,34679.7,37446.8,-0.07389416452140117
2021-05-24,38750.6,34720.3,0.11607906613710121
2021-05-25,38378.3,38753.6,-0.009684261591181095
2021-05-26,39249.2,38375.7,0.022761799784759628
2021-05-27,38417.3,39249.0,-0.021190348798695434
2021-05-28,35662.5,38543.2,-0.07473951306585849
2021-05-29,34584.6,35664.5,-0.030279409496838633
2021-05-30,35652.8,34589.3,0.030746502531129566
2021-05-31,37298.6,35644.0,0.046420154864773834
2021-06-01,36687.6,37294.3,-0.016267901529188222
2021-06-02,37555.8,36687.7,0.023661881229949163
2021-06-03,39187.3,37555.7,0.04344480331880396
2021-06-04,36851.3,39191.4,-0.059709528110758955
2021-06-05,35520.0,36841.2,-0.035862024038304866
2021-06-06,35815.4,35518.7,0.008353346265488443
2021-06-07,33578.0,35815.4,-0.0624703339904064
2021-06-08,33382.9,33574.6,-0.0057096733840461865
2021-06-09,37332.2,33385.5,0.11821599197256286
2021-06-10,36649.4,37375.2,-0.019419294077355993
2021-06-11,37314.6,36654.3,0.01801425753595064
2021-06-12,35467.5,37334.4,-0.050004821290820296
2021-06-13,39022.9,35467.5,0.10024388524705721
2021-06-14,40529.4,39024.1,0.03857359939114555
2021-06-15,40156.1,40522.5,-0.009041890307853698
2021-06-16,38336.0,40148.1,-0.04513538623247423
2021-06-17,38052.0,38337.8,-0.007454783529571412
2021-06-18,35749.4,38045.5,-0.06035142132446672
2021-06-19,35513.4,35770.0,-0.0071736091696952345
2021-06-20,35595.8,35510.9,0.002390815214483481
2021-06-21,31692.0,35597.9,-0.1097227645450996
2021-06-22,32496.4,31682.7,0.02568278587367872
2021-06-23,33674.3,32498.3,0.036186508217353024
2021-06-24,34665.8,33678.1,0.02932766397154247
2021-06-25,31594.0,34660.5,-0.08847246866029053
2021-06-26,32243.4,31592.1,0.020615913472038987
2021-06-27,34678.5,32247.1,0.07539902812966132
2021-06-28,34475.9,34682.2,-0.00594829624418277
2021-06-29,35834.7,34477.3,0.03937083240276919
2021-06-30,35026.9,35832.6,-0.022485111323208396
2021-07-01,33543.6,35030.7,-0.04245133554282383
2021-07-02,33813.4,33542.2,0.008085337276624801
2021-07-03,34742.8,33814.2,0.02746183556020861
2021-07-04,35298.2,34742.8,0.0159860460296808
2021-07-05,33687.8,35297.0,-0.04559027679406174
2021-07-06,34225.6,33688.5,0.015943125992549344
2021-07-07,33867.8,34228.7,-0.010543783433200624
2021-07-08,32866.3,33859.4,-0.029330112169737164
2021-07-09,33797.4,32866.3,0.028329930658455574
2021-07-10,33510.6,33797.7,-0.00849466087929056
2021-07-11,34227.7,33510.8,0.021393103118994297
2021-07-12,33113.0,34228.3,-0.03258414820484812
2021-07-13,32728.1,33106.1,-0.011417835383811444
2021-07-14,32820.7,32727.8,0.0028385653786688328
2021-07-15,31840.5,32820.5,-0.029859386663822915
2021-07-16,31394.0,31842.3,-0.014078756873718271
2021-07-17,31518.6,31384.4,0.004276009737321634
2021-07-18,31785.4,31517.9,0.008487240583922152
2021-07-19,30837.2,31782.9,-0.029754994037674367
2021-07-20,29793.8,30835.4,-0.03377935749171414
2021-07-21,32131.4,29794.7,0.07842670005068017
2021-07-22,32298.9,32131.7,0.005203583999601662
2021-07-23,33603.3,32297.9,0.04041748844352114
2021-07-24,33824.8,33600.5,0.006675495900358712
2021-07-25,35391.1,34392.5,0.029035400159918543
2021-07-26,37276.6,35392.3,0.05324039409702098
2021-07-27,39452.0,37294.3,0.05785602625602296
2021-07-28,40003.2,39450.4,0.0140125321923224
2021-07-29,40001.4,40009.0,-0.0001899572596165499
2021-07-30,42203.4,40001.1,0.05505598596038616
2021-07-31,41553.7,42201.4,-0.015347832062443528
2021-08-01,39878.3,41510.0,-0.03930860033726806
2021-08-02,39168.4,39869.8,-0.01759226281546437
2021-08-03,38130.3,39167.4,-0.026478653165642817
2021-08-04,39736.9,38188.4,0.04054896251217647
2021-08-05,40867.2,39734.4,0.028509301763710932
2021-08-06,42795.4,40868.4,0.04715134431492302
2021-08-07,44614.2,42784.7,0.04276061302287968
2021-08-08,43792.8,44584.9,-0.017766104667723794
2021-08-09,46284.3,43794.9,0.05684223505476668
2021-08-10,45593.8,46281.8,-0.014865454671166635
2021-08-11,45564.3,45593.2,-0.0006338664537692941
2021-08-12,44403.4,45562.3,-0.025435502597542296
2021-08-13,47809.1,44404.0,0.07668453292496168
2021-08-14,47081.5,47809.6,-0.01522915899735615
2021-08-15,46991.3,47082.6,-0.0019391452468639292
2021-08-16,45996.3,46991.6,-0.02118038117450769
2021-08-17,44691.6,45907.5,-0.026485868322169613
2021-08-18,44723.8,44691.1,0.0007316893072670927
2021-08-19,46755.9,44725.9,0.04538757185433943
2021-08-20,49324.0,46756.7,0.054907638905226486
2021-08-21,48875.8,49330.0,-0.009207378876951087
2021-08-22,49254.5,48870.4,0.007859563253012018
2021-08-23,49539.7,49255.4,0.005771955968279532
2021-08-24,47714.7,49532.5,-0.036699136930298346
2021-08-25,48994.5,47707.4,0.02697904308346291
2021-08-26,46831.6,48994.4,-0.04414382051826337
2021-08-27,49064.3,46830.2,0.0477063945915244
2021-08-28,48897.1,49062.8,-0.003377304189732432
2021-08-29,48777.4,48899.7,-0.002501037838677858
2021-08-30,46992.7,48777.1,-0.03658274067133965
2021-08-31,47130.4,46989.1,0.0030070803654465164
2021-09-01,48819.4,47129.2,0.03586311670896184
2021-09-02,49274.3,48817.8,0.00935109734564032
2021-09-03,49999.0,49269.5,0.014806320340169881
2021-09-04,49918.4,49999.3,-0.0016180226523171614
2021-09-05,51768.6,49918.7,0.03705825672543559
2021-09-06,52672.1,51769.4,0.017436941513712678
2021-09-07,46779.6,52674.2,-0.11190677789126363
2021-09-08,46061.4,46774.1,-0.015237064956888473
2021-09-09,46385.6,46057.6,0.007121517404293754
2021-09-10,44842.8,46385.9,-0.033266574540970394
2021-09-11,45161.9,44844.9,0.007068808270282685
2021-09-12,46062.3,45162.6,0.019921350852253952
2021-09-13,44949.5,46060.8,-0.024126806308184028
2021-09-14,47077.5,44950.2,0.04732570711587497
2021-09-15,48130.6,47070.8,0.022515019927428374
2021-09-16,47748.0,48132.3,-0.007984243429048745
2021-09-17,47282.8,47748.2,-0.009746964283470251
2021-09-18,48306.7,47283.9,0.021631041432707446
2021-09-19,47238.7,48299.9,-0.021971059981490734
2021-09-20,42870.6,47240.8,-0.0925090176288294
2021-09-21,40651.3,43012.3,-0.05489127528637157
2021-09-22,43551.6,40660.8,0.07109550230197131
2021-09-23,44869.2,43550.7,0.030275058724658847
2021-09-24,42819.9,44867.4,-0.045634469570333916
2021-09-25,42686.8,42818.7,-0.0030804298122080816
2021-09-26,43203.4,42685.8,0.012125812331032767
2021-09-27,42172.6,43200.9,-0.023802744850223094
2021-09-28,41022.3,42169.9,-0.027213723532661886
2021-09-29,41536.8,41023.1,0.012522213094573652
2021-09-30,43823.3,41534.5,0.05510599622000994
2021-10-01,48146.0,43824.4,0.09861173227699634
2021-10-02,47666.9,48147.2,-0.009975657982187866
2021-10-03,48200.1,47665.4,0.011217780612351876
2021-10-04,49227.3,48200.4,0.02130480244977223
2021-10-05,51469.3,49229.5,0.04549711047237943
2021-10-06,55323.2,51470.0,0.07486302700602288
2021-10-07,53783.9,55325.2,-0.027858914201846458
2021-10-08,53914.7,53785.5,0.0024021344042538806
2021-10-09,54942.5,53924.1,0.018885804306423316
2021-10-10,54687.7,54942.5,-0.004637575647267651
2021-10-11,57477.3,54686.9,0.051025016960186104
2021-10-12,56015.9,57480.6,-0.025481640762274525
2021-10-13,57380.1,56014.5,0.024379401762043732
2021-10-14,57345.8,57370.4,-0.00042879254807354564
2021-10-15,61672.5,57348.2,0.07540428470292011
2021-10-16,60861.1,61669.2,-0.013103786006628895
2021-10-17,61527.5,60865.5,0.010876440676573756
2021-10-18,62056.3,61525.8,0.008622399058606308
2021-10-19,64278.5,62030.2,0.03624524828228835
2021-10-20,65979.1,64276.9,0.02648229768392695
2021-10-21,62210.2,66004.6,-0.05748690242801272
2021-10-22,60690.3,62200.8,-0.024284253578732106
2021-10-23,61312.5,60693.2,0.010203779006544438
2021-10-24,60866.5,61308.2,-0.007204582747495394
2021-10-25,63067.0,60864.3,0.036190344750535154
2021-10-26,60310.8,63067.5,-0.04371031038173381
2021-10-27,58438.1,60312.5,-0.03107813471502593
2021-10-28,60582.5,58437.2,0.03671120450671837
2021-10-29,62242.8,60579.9,0.02744969866242766
2021-10-30,61840.1,62245.0,-0.006504940155835834
2021-10-31,61309.6,61842.2,-0.008612242125926933
2021-11-01,60915.3,61310.1,-0.006439395792862769
2021-11-02,63221.7,60912.2,0.037915228804738625
2021-11-03,62918.5,63223.5,-0.00482415557506307
2021-11-04,61412.6,62915.4,-0.02388604379849771
2021-11-05,60974.3,61411.5,-0.007119187774276757
2021-11-06,61483.9,60973.2,0.008375811012051268
2021-11-07,63273.2,61483.8,0.029103601273831384
2021-11-08,67527.9,63276.4,0.06718934705514208
2021-11-09,66904.4,67528.7,-0.009244958069680046
2021-11-10,64932.6,66942.6,-0.030025723530308163
2021-11-11,64806.7,64922.8,-0.0017882777699052693
2021-11-12,64134.5,64782.6,-0.010004229530769041
2021-11-13,64398.6,64133.3,0.004136696536744493
2021-11-14,65508.2,64397.2,0.017252302895156932
2021-11-15,63597.9,65514.9,-0.029260519362770913
2021-11-16,60089.1,63605.1,-0.055278586151110524
2021-11-17,60367.8,60074.2,0.004887289385460078
2021-11-18,56955.3,60368.2,-0.05653473186213925
2021-11-19,58083.4,56908.3,0.02064900901977389
2021-11-20,59717.6,58080.8,0.028181430007851054
2021-11-21,58714.3,59724.0,-0.016906101399772236
2021-11-22,56308.8,58719.7,-0.041057771071718596
2021-11-23,57573.2,56304.8,0.022527386652647627
2021-11-24,57171.7,57559.4,-0.0067356504758563215
2021-11-25,58935.1,57167.1,0.03092687927146908
2021-11-26,53730.9,58937.3,-0.08833794557945479
2021-11-27,54765.9,53747.2,0.0189535454870208
2021-11-28,57291.5,54758.0,0.04626721209686256
2021-11-29,57794.8,57288.1,0.008844768808880106
2021-11-30,56882.9,57795.2,-0.015785047893250574
2021-12-01,57210.3,56891.7,0.00560011390062181
2021-12-02,56496.0,57207.8,-0.012442359258702535
2021-12-03,53631.5,56495.2,-0.05068926209660285
2021-12-04,49195.2,53620.7,-0.08253342459162227
2021-12-05,49405.5,49196.4,0.0042503109983657045
2021-12-06,50562.1,49412.1,0.023273651595459414
2021-12-07,50595.2,50547.4,0.0009456470560304909
2021-12-08,50473.9,50596.6,-0.0024250641347441744
2021-12-09,47596.6,50477.6,-0.057074821306876716
2021-12-10,47137.2,47591.7,-0.009549984556130587
2021-12-11,49314.5,47138.4,0.046164061571881916
2021-12-12,50081.0,49332.5,0.01517255359043227
2021-12-13,46703.6,50075.9,-0.06734377215387048
2021-12-14,48366.5,46709.8,0.03546793178305189
2021-12-15,48871.5,48366.2,0.010447378541212726
2021-12-16,47628.2,48876.6,-0.025541874843994908
2021-12-17,46172.2,47630.4,-0.03061490140750454
2021-12-18,46856.2,46171.8,0.014822900558349342
2021-12-19,46704.5,46855.7,-0.003226928634082878
2021-12-20,46895.2,46703.4,0.004106767387384979
2021-12-21,48902.0,46900.1,0.042684343956622725
2021-12-22,48599.7,48898.7,-0.006114681985410655
2021-12-23,50801.0,48599.6,0.045296669108387755
2021-12-24,50786.1,50807.4,-0.0004192302696064532
2021-12-25,50406.4,50789.6,-0.0075448517019231715
2021-12-26,50779.9,50404.0,0.007457741449091371
2021-12-27,50678.2,50783.6,-0.0020754731842563636
2021-12-28,47545.2,50703.4,-0.06228773612814928
2021-12-29,46461.7,47548.4,-0.02285460709508636
2021-12-30,47123.3,46470.7,0.014043257364317857
2021-12-31,46219.5,47123.3,-0.01917947172630106
2022-01-01,47738.0,46217.5,0.03289879374695732
2022-01-02,47311.8,47738.7,-0.00894243035524625
2022-01-03,46430.2,47293.9,-0.018262397476207382
2022-01-04,45837.3,46435.7,-0.012886636790228084
2022-01-05,43425.9,45833.1,-0.05252099465233635
2022-01-06,43097.5,43431.6,-0.0076925556507243245
2022-01-07,41546.7,43097.9,-0.03599247295111837
2022-01-08,41672.0,41551.3,0.0029048429291020274
2022-01-09,41848.3,41681.2,0.004009001660221055
2022-01-10,41832.2,41848.9,-0.00039905469438872624
2022-01-11,42733.2,41829.1,0.021614139438811703
2022-01-12,43901.0,42735.0,0.027284427284427284
2022-01-13,42560.0,43900.0,-0.03052391799544419
2022-01-14,43073.3,42562.2,0.012008307841230149
2022-01-15,43097.0,43073.6,0.000543256194049289
2022-01-16,43079.1,43079.2,-2.321305873798604e-06
2022-01-17,42209.3,43080.5,-0.020222606515708896
2022-01-18,42364.6,42209.9,0.0036650169746907024
2022-01-19,41677.8,42365.3,-0.01622790349649359
2022-01-20,40715.9,41683.6,-0.023215365275551948
2022-01-21,36475.5,40698.1,-0.1037542293129163
2022-01-22,35075.2,36467.7,-0.03818447557701747
2022-01-23,36269.5,35072.9,0.03411750953015002
2022-01-24,36686.3,36268.6,0.011516849285608057
2022-01-25,36950.6,36691.3,0.007067070395434221
2022-01-26,36800.4,36962.3,-0.004380138681846136
2022-01-27,37164.3,36800.1,0.009896712237195127
2022-01-28,37745.1,37195.6,0.014773252750325308
2022-01-29,38170.8,37736.5,0.01150875147403715
2022-01-30,37917.7,38167.5,-0.006544835265605631
2022-01-31,38498.6,37923.8,0.015156708979585263
2022-02-01,38709.7,38475.6,0.006084375552298042
2022-02-02,36890.2,38711.2,-0.04704064973444378
2022-02-03,37287.8,36890.2,0.010777930181999714
2022-02-04,41567.6,37287.8,0.11477748754284231
2022-02-05,41412.1,41566.5,-0.0037145297294696802
2022-02-06,42392.2,41411.9,0.023671939708151415
2022-02-07,43833.9,42385.2,0.034179383369666874
2022-02-08,44038.2,43833.9,0.004660776248519881
2022-02-09,44388.9,44038.2,0.007963540744172205
2022-02-10,43521.0,44388.9,-0.019552185343633236
2022-02-11,42388.4,43519.3,-0.025986171652577165
2022-02-12,42205.2,42388.4,-0.00432193713374424
2022-02-13,42061.1,42205.5,-0.003421355036665872
2022-02-14,42550.3,42061.1,0.01163069914957061
2022-02-15,44544.4,42550.3,0.046864534445115506
2022-02-16,43883.6,44540.9,-0.014757223136488102
2022-02-17,40552.8,43885.5,-0.07594080049218983
2022-02-18,40000.1,40532.5,-0.013135138469129747
2022-02-19,40090.3,40000.1,0.002254994362514203
2022-02-20,38355.0,40089.6,-0.04326807950191568
2022-02-21,37017.7,38355.0,-0.034866379872246195
2022-02-22,38248.2,37018.3,0.03322410807627563
2022-02-23,37224.6,38248.2,-0.02676204370401741
2022-02-24,38339.2,37250.2,0.02923474236379939
2022-02-25,39209.6,38339.2,0.0227026124697438
2022-02-26,39115.5,39221.6,-0.0027051420645766247
2022-02-27,37689.1,39116.6,-0.03649345802038009
2022-02-28,43188.2,37707.2,0.1453568549242585
2022-03-01,44420.3,43187.2,0.02855244146413766
2022-03-02,43912.8,44420.3,-0.01142495660767712
2022-03-03,42463.0,43912.8,-0.033015430580605264
2022-03-04,39142.7,42463.0,-0.07819277959635454
2022-03-05,39395.8,39142.8,0.006463513085420562
2022-03-06,38403.1,39396.3,-0.025210489309909923
2022-03-07,38024.8,38420.6,-0.010301765198877572
2022-03-08,38744.8,38020.6,0.01904756894946435
2022-03-09,41929.0,38731.5,0.08255554264616656
2022-03-10,39416.3,41933.9,-0.0600373444873956
2022-03-11,38730.2,39422.5,-0.017561037478597323
2022-03-12,38814.3,38730.2,0.002171432112408555
2022-03-13,37792.4,38813.2,-0.026300330815289534
2022-03-14,39671.1,37789.5,0.04979160878021669
2022-03-15,39285.7,39673.0,-0.009762306858568874
2022-03-16,41118.7,39282.5,0.04674346082861318
2022-03-17,40914.8,41118.7,-0.004958814359403245
2022-03-18,41767.8,40914.6,0.020853191770175056
2022-03-19,42233.0,41768.0,0.011132924727063781
2022-03-20,41276.0,42241.0,-0.022845103098884968
2022-03-21,41022.0,41282.0,-0.006298144469744683
2022-03-22,42373.0,41022.0,0.032933547852371896
2022-03-23,42912.0,42373.0,0.012720364382979727
2022-03-24,44013.0,42911.0,0.025681060800261005
2022-03-25,44331.0,44013.0,0.007225138027400995
2022-03-26,44548.0,44331.0,0.004894994473393336
2022-03-27,46859.0,44542.0,0.0520183197880652
2022-03-28,47105.0,46859.0,0.005249791928978425
2022-03-29,47449.0,47126.0,0.006853965963586979
2022-03-30,47075.0,47449.0,-0.007882147147463592
2022-03-31,45525.0,47071.0,-0.03284400161458223
2022-04-01,46297.0,45529.0,0.016868369610577874
2022-04-02,45811.0,46299.0,-0.010540184453227932
2022-04-03,46407.0,45813.0,0.012965752079104184
2022-04-04,46629.0,46407.0,0.004783761070528153
2022-04-05,45506.0,46614.0,-0.023769682927875745
2022-04-06,43173.0,45494.0,-0.05101771662197213
2022-04-07,43448.0,43166.0,0.006532919427327063
2022-04-08,42275.0,43450.0,-0.02704257767548907
2022-04-09,42767.0,42275.0,0.011638083973979894
2022-04-10,42138.0,42760.0,-0.014546304957904583
2022-04-11,39497.0,42144.0,-0.0628084662110858
2022-04-12,40078.0,39507.0,0.014453134887488292
2022-04-13,41133.0,40072.0,0.026477340786584147
2022-04-14,39936.0,41133.0,-0.029100722047990666
2022-04-15,40560.0,39936.0,0.015625
2022-04-16,40382.0,40571.0,-0.004658499913731483
2022-04-17,39703.0,40382.0,-0.016814422267346838
2022-04-18,40803.0,39700.0,0.027783375314861462
2022-04-19,41503.0,40809.0,0.017006052586439266
2022-04-20,41368.0,41499.0,-0.0031567025711462925
2022-04-21,40482.0,41370.0,-0.021464829586657
2022-04-22,39709.0,40487.0,-0.019216044656309432
2022-04-23,39418.0,39709.0,-0.007328313480571155
2022-04-24,39464.0,39434.0,0.0007607648222346198
2022-04-25,40427.0,39464.0,0.024401986620717617
2022-04-26,38113.0,40443.0,-0.05761194767945009
2022-04-27,39243.0,38113.0,0.029648676304672945
2022-04-28,39748.0,39243.0,0.01286853706393497
2022-04-29,38581.0,39748.0,-0.02935996779712187
2022-04-30,37650.0,38590.0,-0.024358642135268203
2022-05-01,38461.0,37642.0,0.021757611179002177
2022-05-02,38514.0,38472.0,0.001091703056768559
2022-05-03,37718.0,38515.0,-0.02069323640140205
2022-05-04,39688.0,37717.0,0.05225760267253493
2022-05-05,36544.0,39686.0,-0.07917149624552738
2022-05-06,36009.0,36540.0,-0.014532019704433498
2022-05-07,35468.0,36003.0,-0.014859872788378746
2022-05-08,34060.0,35468.0,-0.03969775572346904
2022-05-09,30095.0,34041.0,-0.11591903880614553
2022-05-10,31007.5,30098.2,0.0302111089699716
2022-05-11,29068.2,31008.0,-0.06255804953560369
2022-05-12,28976.0,29073.4,-0.0033501413663349125
2022-05-13,29284.4,28994.3,0.010005414857403081
2022-05-14,30080.4,29285.2,0.027153647576250144
2022-05-15,31308.7,30078.6,0.040896185327774635
2022-05-16,29849.0,31308.3,-0.04661064318407577
